date,cpi_rate,gdp_value,usd_vnd_rate,xau_usd_rate,market_cap,pe_ratio,fpt_net_revenue,fpt_gross_profit,fpt_operating_profit,fpt_net_profit,fpt_stock_price,fpt_stock_volume
2020-01-01,,,23171.0,1517.48,,,,,,,,
2020-01-02,,,23175.5,1531.3,,,,,,,21.39,896720.0
2020-01-03,,,23174.5,1553.45,,,,,,,21.03,2047880.0
2020-01-06,,,23178.0,1582.69,,,,,,,20.81,1091660.0
2020-01-07,,,23179.0,1577.38,,,,,,,21.21,837240.0
2020-01-08,,,23181.0,1611.0,,,,,,,20.73,1814290.0
2020-01-09,,,23180.0,1561.33,,,,,,,21.03,967050.0
2020-01-10,,,23205.0,1563.19,,,,,,,20.99,1018650.0
2020-01-13,,,23177.0,1562.3,,,,,,,20.84,786760.0
2020-01-14,,,23177.5,1548.8,,,,,,,20.81,721680.0
2020-01-15,,,23177.5,1558.23,,,,,,,20.81,940870.0
2020-01-16,,,23177.5,1558.14,,,,,,,21.17,1942970.0
2020-01-17,,,23175.5,1561.3,,,,,,,21.03,1388810.0
2020-01-20,,,23172.5,1562.81,,,,,,,20.95,1227100.0
2020-01-21,,,23174.0,1568.65,,,,,,,20.26,4351820.0
2020-01-22,,,23204.5,1559.35,,,,,,,20.63,3165650.0
2020-01-23,,,23169.0,1567.94,,,,,,,,
2020-01-24,,,23169.0,1575.76,,,,,,,,
2020-01-27,,,23169.0,1586.72,,,,,,,,
2020-01-28,,,23169.0,1583.17,,,,,,,,
2020-01-29,0.0643,,23169.0,1577.96,,,,,,,,
2020-01-30,,,23186.5,1585.97,,,,,,,19.97,2638460.0
2020-01-31,,,23228.0,1590.2,,,,,,,18.98,4118150.0
2020-02-03,,,23278.0,1591.86,,,,,,,18.8,3602970.0
2020-02-04,,,23267.5,1579.54,,,,,,,18.91,1651440.0
2020-02-05,,,23267.0,1562.31,,,,,,,18.98,1648620.0
2020-02-06,,,23228.5,1568.29,,,,,,,19.57,1708550.0
2020-02-07,,,23242.5,1574.05,,,,,,,19.46,1218660.0
2020-02-10,,,23262.5,1577.16,,,,,,,19.2,738090.0
2020-02-11,,,23262.5,1573.96,,,,,,,19.57,1085380.0
2020-02-12,,,23255.0,1570.48,,,,,,,19.75,1104870.0
2020-02-13,,,23242.5,1578.11,,,,,,,19.82,1030570.0
2020-02-14,,,23254.0,1585.04,,,,,,,19.9,884240.0
2020-02-17,,,23253.5,1584.86,,,,,,,19.79,726390.0
2020-02-18,,,23245.0,1605.35,,,,,,,20.44,1760940.0
2020-02-19,,,23248.0,1612.91,,,,,,,20.33,681250.0
2020-02-20,,,23288.5,1623.74,,,,,,,20.37,780810.0
2020-02-21,,,23251.5,1649.14,,,,,,,19.97,1458040.0
2020-02-24,,,23255.5,1688.96,,,,,,,19.16,2261990.0
2020-02-25,,,23290.0,1660.85,,,,,,,19.71,1407720.0
2020-02-26,,,23280.0,1655.07,,,,,,,20.08,3221270.0
2020-02-27,,,23259.5,1660.44,,,,,,,20.44,2927040.0
2020-02-28,,,23245.5,1649.49,,,,,,,20.11,2132200.0
2020-02-29,0.054000000000000006,,,,,,,,,,,
2020-03-02,,,23243.5,1610.78,,,,,,,20.33,1787060.0
2020-03-03,,,23241.0,1649.5,,,,,,,20.41,1193800.0
2020-03-04,,,23232.0,1651.68,,,,,,,20.26,1660790.0
2020-03-05,,,23227.5,1674.66,,,,,,,19.93,1296450.0
2020-03-06,,,23220.0,1692.11,,,,,,,19.71,1305030.0
2020-03-09,,,23218.0,1703.16,,,,,,,18.36,4735140.0
2020-03-10,,,23210.0,1680.36,,,,,,,18.87,2030340.0
2020-03-11,,,23183.0,1670.97,,,,,,,18.54,2753310.0
2020-03-12,,,23196.5,1650.13,,,,,,,17.56,3981670.0
2020-03-13,,,23223.5,1597.72,,,,,,,17.58,2919140.0
2020-03-16,,,23236.0,1573.49,,,,,,,17.38,1898960.0
2020-03-17,,,23255.0,1553.11,,,,,,,17.7,2474650.0
2020-03-18,,,23285.0,1546.05,,,,,,,17.67,1642800.0
2020-03-19,,,23430.0,1501.61,,,,,,,17.41,1296590.0
2020-03-20,,,23472.5,1516.43,,,,,,,17.41,1291360.0
2020-03-23,,,23558.5,1561.76,,,,,,,16.21,2826690.0
2020-03-24,,,23651.0,1644.35,,,,,,,16.24,2191500.0
2020-03-25,,,23630.0,1636.29,,,,,,,16.79,2131790.0
2020-03-26,,,23645.0,1645.8,,,,,,,16.14,2358310.0
2020-03-27,0.049,,23640.0,1640.76,,,,,,,15.73,2633750.0
2020-03-28,,,,,43000000000000.0,13.1,,,,,,
2020-03-30,,,23642.5,1635.59,,,,,,,14.75,2157690.0
2020-03-31,,,23635.0,1623.52,,,6630564911438.0,2624378378526.0,1127536485672.0,747105139041.0,15.0,1663050.0
2020-04-01,,,23628.0,1604.12,,,,,,,15.44,1453030.0
2020-04-02,,,23590.0,1621.27,,,,,,,,
2020-04-03,,,23605.0,1627.04,,,,,,,16.28,2072000.0
2020-04-06,,,23555.0,1669.76,,,,,,,17.34,2718990.0
2020-04-07,,,23470.0,1671.88,,,,,,,17.27,2463810.0
2020-04-08,,,23565.0,1657.06,,,,,,,17.1,1576670.0
2020-04-09,,,23532.0,1690.29,,,,,,,17.1,2142370.0
2020-04-10,,,23517.0,1696.5,,,,,,,16.94,1882020.0
2020-04-13,,,23460.0,1722.36,,,,,,,16.97,1255360.0
2020-04-14,,,23475.5,1748.5,,,,,,,18.07,4072050.0
2020-04-15,,,23478.5,1731.43,,,,,,,18.29,2205200.0
2020-04-16,,,23465.0,1738.74,,,,,,,18.36,1508480.0
2020-04-17,,,23460.0,1718.69,,,,,,,18.69,2631630.0
2020-04-20,,,23455.0,1703.02,,,,,,,18.73,2239780.0
2020-04-21,,,23465.0,1698.48,,,,,,,18.0,3737050.0
2020-04-22,,,23500.0,1719.66,,,,,,,18.65,2445860.0
2020-04-23,,,23524.0,1738.84,,,,,,,18.62,1363410.0
2020-04-24,,,23518.0,1737.89,,,,,,,18.62,1411380.0
2020-04-27,,,23510.0,1727.82,,,,,,,18.51,1419750.0
2020-04-28,,,23477.5,1716.19,,,,,,,18.51,974310.0
2020-04-29,0.028999999999999998,,23450.0,1717.52,,,,,,,18.54,1349230.0
2020-04-30,,,23428.0,1726.14,,,,,,,,
2020-05-01,,,23428.0,1706.21,,,,,,,,
2020-05-04,,,23475.0,1712.0,,,,,,,18.43,895530.0
2020-05-05,,,23427.5,1712.6,,,,,,,18.58,677990.0
2020-05-06,,,23437.5,1707.85,,,,,,,19.31,3470150.0
2020-05-07,,,23432.5,1722.02,,,,,,,19.53,2030720.0
2020-05-08,,,23475.0,1724.56,,,,,,,19.6,3585320.0
2020-05-11,,,23405.0,1713.67,,,,,,,19.71,2119430.0
2020-05-12,,,23382.5,1711.04,,,,,,,19.86,2828190.0
2020-05-13,,,23380.0,1718.33,,,,,,,21.1,6853810.0
2020-05-14,,,23386.0,1737.34,,,,,,,20.83,2597400.0
2020-05-15,,,23371.5,1753.25,,,,,,,20.53,2430890.0
2020-05-18,,,23360.0,1764.81,,,,,,,20.68,2000950.0
2020-05-19,,,23370.0,1748.77,,,,,,,21.06,2879030.0
2020-05-20,,,23311.5,1754.08,,,,,,,20.91,1245380.0
2020-05-21,,,23285.0,1750.64,,,,,,,21.08,2007060.0
2020-05-22,,,23282.0,1741.51,,,,,,,20.72,1731720.0
2020-05-25,,,23320.0,1735.57,,,,,,,20.72,2033000.0
2020-05-26,,,23338.0,1736.29,,,,,,,20.87,1615680.0
2020-05-27,,,23331.5,1715.77,,,,,,,20.53,2098580.0
2020-05-28,,,23329.0,1727.69,,,,,,,20.53,1194380.0
2020-05-29,0.024,,23305.0,1738.99,,,,,,,20.51,1346170.0
2020-06-01,,,23301.0,1744.52,,,,,,,20.66,1298150.0
2020-06-02,,,23282.0,1745.54,,,,,,,20.53,1456730.0
2020-06-03,,,23273.0,1732.92,,,,,,,20.81,1893060.0
2020-06-04,,,23274.0,1722.22,,,,,,,20.7,1260060.0
2020-06-05,,,23262.0,1716.39,,,,,,,20.83,1236200.0
2020-06-08,,,23265.0,1701.27,,,,,,,21.1,4113250.0
2020-06-09,,,23265.0,1720.75,,,,,,,20.93,1491540.0
2020-06-10,,,23220.0,1740.29,,,,,,,20.87,1307540.0
2020-06-11,,,23217.5,1744.72,,,,,,,19.67,4278060.0
2020-06-12,,,23225.0,1743.59,,,,,,,20.1,3145450.0
2020-06-15,,,23243.0,1734.78,,,,,,,19.67,1207500.0
2020-06-16,,,23235.5,1733.06,,,,,,,19.93,1100730.0
2020-06-17,,,23240.0,1730.62,,,,,,,19.82,788630.0
2020-06-18,,,23218.0,1736.87,,,,,,,19.93,822980.0
2020-06-19,,,23225.0,1745.68,,,,,,,20.1,745470.0
2020-06-22,,,23220.0,1763.82,,,,,,,20.1,787180.0
2020-06-23,,,23219.0,1771.69,,,,,,,20.33,1693730.0
2020-06-24,,,23223.0,1780.06,,,,,,,20.19,607000.0
2020-06-25,,,23220.5,1768.84,,,,,,,20.01,730810.0
2020-06-26,,,23219.0,1772.36,,,,,,,20.04,602880.0
2020-06-29,0.0317,,23216.0,1775.86,,,,,,,19.69,1281220.0
2020-06-30,,,23210.0,1786.46,,,6980002498337.0,2721754673951.0,1268042508885.0,878710517511.0,19.52,1594210.0
2020-07-01,,,23213.5,1789.27,,,,,,,19.76,866660.0
2020-07-02,,,23210.0,1780.21,,,,,,,19.74,539160.0
2020-07-03,,,23210.0,1777.01,,,,,,,19.78,529760.0
2020-07-06,,,23207.5,1786.98,,,,,,,20.01,1089910.0
2020-07-07,,,23211.5,1797.93,,,,,,,20.29,2739150.0
2020-07-08,,,23210.0,1818.37,,,,,,,20.4,1472610.0
2020-07-09,,,23206.0,1815.99,,,,,,,20.68,2298900.0
2020-07-10,,,23204.5,1810.94,,,,,,,20.44,1164310.0
2020-07-13,,,23197.5,1813.65,,,,,,,20.81,2662490.0
2020-07-14,,,23232.5,1810.94,42100000000000.0,11.9,,,,,20.76,1549540.0
2020-07-15,,,23192.5,1815.0,,,,,,,20.78,1516540.0
2020-07-16,,,23187.5,1813.41,,,,,,,20.78,1060530.0
2020-07-17,,,23195.5,1812.59,,,,,,,20.57,1313100.0
2020-07-20,,,23195.5,1820.76,,,,,,,20.27,2049680.0
2020-07-21,,,23190.0,1843.75,,,,,,,20.44,940230.0
2020-07-22,,,23195.0,1872.41,,,,,,,20.27,817890.0
2020-07-23,,,23186.0,1898.49,,,,,,,20.42,918630.0
2020-07-24,,,23186.5,1906.47,,,,,,,19.63,3170540.0
2020-07-27,,,23187.5,1945.71,,,,,,,18.69,3274350.0
2020-07-28,,,23200.0,1981.14,,,,,,,19.54,1953510.0
2020-07-29,0.0339,,23184.5,1980.67,,,,,,,19.05,1554200.0
2020-07-30,,,23183.0,1972.25,,,,,,,19.31,612240.0
2020-07-31,,,23183.5,1981.11,,,,,,,19.03,1106250.0
2020-08-03,,,23183.0,1985.22,,,,,,,19.63,1392200.0
2020-08-04,,,23183.0,2019.96,,,,,,,19.91,1051310.0
2020-08-05,,,23182.5,2056.1,,,,,,,20.1,1328520.0
2020-08-06,,,23182.5,2069.84,,,,,,,20.01,1153660.0
2020-08-07,,,23182.5,2072.9,,,,,,,20.14,1283690.0
2020-08-10,,,23200.0,2050.1,,,,,,,20.19,1160370.0
2020-08-11,,,23182.0,2031.59,,,,,,,20.1,1209690.0
2020-08-12,,,23183.0,1949.26,,,,,,,20.31,1233230.0
2020-08-13,,,23184.0,1966.83,,,,,,,20.51,1709100.0
2020-08-14,,,23184.0,1962.62,,,,,,,20.44,1633770.0
2020-08-17,,,23187.5,1990.91,,,,,,,20.53,1048820.0
2020-08-18,,,23182.5,2015.23,,,,,,,20.46,625200.0
2020-08-19,,,23177.5,2006.51,,,,,,,20.46,877190.0
2020-08-20,,,23182.5,1955.99,,,,,,,20.55,1824430.0
2020-08-21,,,23183.0,1956.37,,,,,,,20.7,1260210.0
2020-08-24,,,23187.5,1962.04,,,,,,,21.16,3540210.0
2020-08-25,,,23183.5,1937.55,,,,,,,21.34,3304670.0
2020-08-26,,,23182.5,1955.15,,,,,,,21.14,1328990.0
2020-08-27,,,23182.5,1976.32,,,,,,,21.77,3724990.0
2020-08-28,,,23182.5,1973.81,,,,,,,21.8,4009380.0
2020-08-29,0.0318,,,,,,,,,,,
2020-08-31,,,23182.0,1976.53,,,,,,,21.62,1940640.0
2020-09-01,,,23182.0,1992.26,,,,,,,21.8,1757410.0
2020-09-02,,,23174.0,1974.41,,,,,,,,
2020-09-03,,,23177.0,1951.15,,,,,,,22.01,2281510.0
2020-09-04,,,23184.0,1942.25,,,,,,,21.84,1538510.0
2020-09-07,,,23184.0,1941.45,,,,,,,21.18,2270970.0
2020-09-08,,,23184.0,1940.8,,,,,,,21.62,1628870.0
2020-09-09,,,23187.5,1950.95,,,,,,,21.49,1490820.0
2020-09-10,,,23185.0,1966.5,,,,,,,21.49,1005950.0
2020-09-11,,,23183.0,1957.95,,,,,,,21.47,872160.0
2020-09-14,,,23185.5,1962.52,,,,,,,21.53,1127400.0
2020-09-15,,,23178.0,1972.35,,,,,,,21.84,1906730.0
2020-09-16,,,23184.0,1973.63,,,,,,,22.06,1918130.0
2020-09-17,,,23183.5,1963.48,,,,,,,21.84,1563010.0
2020-09-18,,,23185.0,1960.2,,,,,,,22.36,3306720.0
2020-09-21,,,23186.0,1955.75,,,,,,,22.36,1530250.0
2020-09-22,,,23184.5,1919.99,,,,,,,22.41,1630570.0
2020-09-23,,,23187.5,1905.56,,,,,,,22.32,1797680.0
2020-09-24,,,23187.5,1877.3,,,,,,,22.06,1728380.0
2020-09-25,,,23197.5,1875.28,,,,,,,22.19,1205550.0
2020-09-28,,,23195.5,1883.39,,,,,,,22.32,1312300.0
2020-09-29,0.0298,,23191.0,1899.24,,,,,,,21.93,1900490.0
2020-09-30,,,23187.0,1902.39,,,7553128504072.0,2998778191778.0,1369402467106.0,928887800638.0,21.84,2500310.0
2020-10-01,,,23191.5,1912.09,,,,,,,22.19,905510.0
2020-10-02,,,23195.0,1917.28,,,,,,,21.97,1947940.0
2020-10-05,,,23206.5,1918.74,,,,,,,22.06,1498360.0
2020-10-06,,,23209.5,1921.1,,,,,,,22.06,1520290.0
2020-10-07,,,23209.0,1898.31,,,,,,,22.01,1493710.0
2020-10-08,,,23207.5,1900.73,,,,,,,22.32,3062690.0
2020-10-09,,,23207.5,1930.83,,,,,,,22.19,1173500.0
2020-10-12,,,23207.5,1933.45,,,,,,,22.23,1550680.0
2020-10-13,,,23185.5,1925.73,,,,,,,22.14,1222200.0
2020-10-14,,,23183.5,1913.03,,,,,,,22.28,2409760.0
2020-10-15,,,23183.5,1909.22,,,,,,,22.36,1925370.0
2020-10-16,,,23185.0,1914.06,,,,,,,23.24,5769540.0
2020-10-19,,,23183.5,1918.59,,,,,,,23.28,2333670.0
2020-10-20,,,23184.5,1914.2,,,,,,,23.24,1886160.0
2020-10-21,,,23182.0,1931.41,,,,,,,23.06,3305010.0
2020-10-22,,,23180.0,1926.0,,,,,,,23.59,2346540.0
2020-10-23,,,23185.0,1914.3,,,,,,,23.54,2646310.0
2020-10-26,,,23183.5,1908.55,,,,,,,23.06,3852510.0
2020-10-27,,,23183.0,1911.34,,,,,,,22.76,3188810.0
2020-10-28,,,23183.5,1911.03,,,,,,,22.14,3596230.0
2020-10-29,0.024700000000000003,,23186.0,1885.42,,,,,,,22.23,2719690.0
2020-10-30,,,23185.5,1889.85,46700000000000.0,13.2,,,,,22.49,1469970.0
2020-11-02,,,23183.5,1896.12,,,,,,,22.58,866110.0
2020-11-03,,,23188.0,1910.71,,,,,,,23.06,2562890.0
2020-11-04,,,23178.5,1916.68,,,,,,,23.15,1369690.0
2020-11-05,,,23183.0,1952.95,,,,,,,22.71,1305860.0
2020-11-06,,,23185.0,1960.77,,,,,,,22.89,987260.0
2020-11-09,,,23182.5,1965.92,,,,,,,23.32,2011650.0
2020-11-10,,,23182.5,1890.6,,,,,,,23.15,1739340.0
2020-11-11,,,23182.5,1884.93,,,,,,,23.15,1668230.0
2020-11-12,,,23176.0,1883.88,,,,,,,23.37,1234540.0
2020-11-13,,,23185.0,1897.16,,,,,,,23.5,1318170.0
2020-11-16,,,23183.0,1899.35,,,,,,,23.28,3713690.0
2020-11-17,,,23183.0,1893.9,,,,,,,23.59,2515530.0
2020-11-18,,,23183.0,1884.92,,,,,,,23.59,1757160.0
2020-11-19,,,23183.0,1874.34,,,,,,,24.07,4980430.0
2020-11-20,,,23186.0,1879.98,,,,,,,24.11,1837360.0
2020-11-23,,,23186.0,1876.72,,,,,,,24.42,2824640.0
2020-11-24,,,23180.0,1839.26,,,,,,,24.29,3003940.0
2020-11-25,,,23167.5,1817.98,,,,,,,24.11,1835630.0
2020-11-26,,,23167.0,1818.78,,,,,,,24.33,1635130.0
2020-11-27,,,23182.5,1813.81,,,,,,,24.55,1986420.0
2020-11-29,0.0148,,,,,,,,,,,
2020-11-30,,,23178.5,1789.99,,,,,,,24.2,2761700.0
2020-12-01,,,23142.5,1817.55,,,,,,,24.11,3427370.0
2020-12-02,,,23141.0,1832.65,,,,,,,24.29,2108200.0
2020-12-03,,,23137.5,1844.45,,,,,,,24.29,1627980.0
2020-12-04,,,23137.5,1848.26,,,,,,,24.33,1380920.0
2020-12-07,,,23137.5,1868.76,,,,,,,24.33,1455180.0
2020-12-08,,,23137.5,1875.79,,,,,,,24.55,2297110.0
2020-12-09,,,23137.5,1871.37,,,,,,,25.12,3001820.0
2020-12-10,,,23137.5,1850.4,,,,,,,24.68,2112490.0
2020-12-11,,,23178.5,1847.89,,,,,,,24.9,1750270.0
2020-12-14,,,23178.5,1839.86,,,,,,,24.98,1443760.0
2020-12-15,,,23153.5,1855.76,,,,,,,24.77,2666900.0
2020-12-16,,,23136.0,1866.2,,,,,,,24.94,1995530.0
2020-12-17,,,23135.5,1896.26,,,,,,,24.68,3594500.0
2020-12-18,,,23132.0,1889.88,,,,,,,24.85,1532820.0
2020-12-21,,,23132.5,1906.93,,,,,,,25.12,2307390.0
2020-12-22,,,23137.0,1884.61,,,,,,,25.38,2576390.0
2020-12-23,,,23140.0,1878.59,,,,,,,25.12,1391420.0
2020-12-24,,,23140.5,1882.55,,,,,,,24.9,2386210.0
2020-12-25,,,23154.5,1877.07,,,,,,,25.16,1625110.0
2020-12-27,0.0019,,,,,,,,,,,
2020-12-28,,,23149.5,1900.53,,,,,,,25.29,2197090.0
2020-12-29,,,23135.0,1886.91,,,,,,,25.6,2172950.0
2020-12-30,,,23135.0,1894.06,,,,,,,25.38,1204180.0
2020-12-31,,346615738537.8,23111.0,1901.26,,,8666704612977.0,3470920950243.0,1423198361419.0,982843692181.0,25.81,2036370.0
2021-01-01,,,23070.0,1899.12,,,,,,,,
2021-01-04,,,23100.0,1944.65,,,,,,,26.29,2151300.0
2021-01-05,,,23125.5,1953.17,,,,,,,27.39,2332200.0
2021-01-06,,,23098.0,1959.6,,,,,,,27.26,1796000.0
2021-01-07,,,23130.0,1927.97,,,,,,,27.3,2150200.0
2021-01-08,,,23084.0,1917.85,,,,,,,27.65,2720400.0
2021-01-11,,,23080.0,1857.05,,,,,,,28.26,1972800.0
2021-01-12,,,23072.5,1864.08,,,,,,,28.74,2435200.0
2021-01-13,,,23072.5,1863.26,,,,,,,29.05,2612000.0
2021-01-14,,,23070.5,1857.59,,,,,,,29.0,1777500.0
2021-01-15,,,23075.0,1856.85,,,,,,,29.09,1540400.0
2021-01-18,,,23100.0,1840.95,,,,,,,28.96,1209000.0
2021-01-19,,,23075.0,1845.98,,,,,,,27.08,3505600.0
2021-01-20,,,23090.0,1872.03,,,,,,,27.65,3663800.0
2021-01-21,,,23077.5,1875.45,,,,,,,28.65,2313100.0
2021-01-22,,,23081.5,1871.17,,,,,,,29.22,2090300.0
2021-01-25,,,23077.5,1868.45,,,,,,,29.26,3111900.0
2021-01-26,,,23075.0,1861.86,,,,,,,28.83,2597500.0
2021-01-27,,,23075.0,1853.58,,,,,,,27.52,2226800.0
2021-01-28,,,23075.0,1864.26,,,,,,,25.6,5092400.0
2021-01-29,-0.0097,,23072.5,1876.03,,,,,,,27.39,3211900.0
2021-02-01,,,23052.5,1871.84,,,,,,,27.74,2017400.0
2021-02-02,,,23065.5,1864.26,,,,,,,28.83,3264600.0
2021-02-03,,,23065.5,1845.29,,,,,,,30.57,4173500.0
2021-02-04,,,23030.0,1835.13,,,,,,,31.67,4398700.0
2021-02-05,,,23025.0,1815.32,,,,,,,31.84,2084900.0
2021-02-08,,,23033.5,1839.15,,,,,,,31.14,4035600.0
2021-02-09,,,23015.0,1849.15,,,,,,,32.58,4224300.0
2021-02-10,,,23010.0,1855.7,,,,,,,,
2021-02-11,,,23010.0,1847.95,,,,,,,,
2021-02-12,,,23010.0,1830.8,,,,,,,,
2021-02-15,,,23010.0,1827.59,57500000000000.0,15.1,,,,,,
2021-02-16,,,23010.0,1826.75,,,,,,,,
2021-02-17,,,23024.0,1795.45,,,,,,,34.03,3139100.0
2021-02-18,,,23057.5,1789.88,,,,,,,34.16,2243100.0
2021-02-19,,,23024.0,1791.7,,,,,,,33.46,3722700.0
2021-02-22,,,23029.0,1812.76,,,,,,,33.54,2319300.0
2021-02-23,,,23030.0,1816.27,,,,,,,32.98,3369500.0
2021-02-24,,,23030.0,1813.99,,,,,,,32.93,2225200.0
2021-02-25,,,23030.0,1806.06,,,,,,,33.28,1927500.0
2021-02-26,,,23027.5,1776.1,,,,,,,33.28,1936000.0
2021-02-28,0.006999999999999999,,,,,,,,,,,
2021-03-01,,,23040.0,1760.02,,,,,,,34.03,2078100.0
2021-03-02,,,23035.0,1738.89,,,,,,,34.03,1821700.0
2021-03-03,,,23035.0,1740.85,,,,,,,33.94,1599400.0
2021-03-04,,,23030.5,1723.34,,,,,,,33.15,2901500.0
2021-03-05,,,23040.0,1707.76,,,,,,,33.15,2507500.0
2021-03-08,,,23046.0,1714.45,,,,,,,33.11,1656600.0
2021-03-09,,,23062.5,1720.83,,,,,,,32.76,2182400.0
2021-03-10,,,23062.5,1726.76,,,,,,,33.33,2602400.0
2021-03-11,,,23059.0,1739.99,,,,,,,33.5,1477800.0
2021-03-12,,,23058.5,1728.42,,,,,,,33.41,2062800.0
2021-03-15,,,23082.0,1734.99,,,,,,,33.41,1760900.0
2021-03-16,,,23083.5,1741.4,,,,,,,35.38,5111000.0
2021-03-17,,,23080.5,1751.81,,,,,,,35.29,1603200.0
2021-03-18,,,23070.0,1755.59,,,,,,,35.38,1807500.0
2021-03-19,,,23077.5,1746.88,,,,,,,34.86,2247800.0
2021-03-22,,,23085.0,1747.18,,,,,,,34.37,2084800.0
2021-03-23,,,23083.0,1742.85,,,,,,,34.42,2201700.0
2021-03-24,,,23085.5,1738.56,,,,,,,33.63,2480100.0
2021-03-25,,,23092.5,1745.95,,,,,,,33.46,2305400.0
2021-03-26,,,23095.0,1737.01,,,,,,,33.24,2672600.0
2021-03-29,0.0116,,23092.5,1733.34,,,,,,,33.89,1997700.0
2021-03-30,,,23077.5,1714.74,,,,,,,33.68,1512500.0
2021-03-31,,,23077.5,1715.28,,,7586327669954.0,2894526954668.0,1380037491735.0,906142681183.0,33.94,1373400.0
2021-04-01,,,23078.0,1730.8,,,,,,,34.81,2500900.0
2021-04-02,,,23079.5,1732.55,,,,,,,34.86,1950200.0
2021-04-05,,,23083.0,1733.75,,,,,,,34.77,1487000.0
2021-04-06,,,23096.0,1745.68,,,,,,,34.68,1505800.0
2021-04-07,,,23093.5,1744.57,,,,,,,34.77,1503800.0
2021-04-08,,,23095.0,1759.13,,,,,,,34.77,1609800.0
2021-04-09,,,23086.5,1757.47,,,,,,,35.86,3970400.0
2021-04-12,,,23075.0,1745.36,,,,,,,35.86,2022500.0
2021-04-13,,,23075.5,1749.23,,,,,,,35.25,2038100.0
2021-04-14,,,23081.5,1749.58,,,,,,,35.38,2530600.0
2021-04-15,,,23079.0,1769.91,,,,,,,34.94,2096200.0
2021-04-16,,,23076.5,1784.07,,,,,,,34.81,2194600.0
2021-04-19,,,23076.5,1790.54,,,,,,,35.6,2380800.0
2021-04-20,,,23080.0,1780.77,,,,,,,36.21,4742800.0
2021-04-21,,,23074.0,1797.98,,,,,,,,
2021-04-22,,,23076.0,1798.29,,,,,,,34.94,2271200.0
2021-04-23,,,23075.5,1796.06,,,,,,,36.25,3166400.0
2021-04-26,,,23075.0,1783.69,,,,,,,35.38,2551300.0
2021-04-27,,,23058.0,1785.9,,,,,,,35.25,1287100.0
2021-04-28,,,23060.0,1782.85,,,,,,,35.29,1366700.0
2021-04-29,0.027000000000000003,,23065.0,1790.43,,,,,,,35.34,2095500.0
2021-04-30,,,23054.0,1773.98,,,,,,,,
2021-05-03,,,23054.0,1798.22,,,,,,,,
2021-05-04,,,23071.5,1799.38,,,,,,,36.21,2362100.0
2021-05-05,,,23071.0,1788.35,,,,,,,36.21,2321300.0
2021-05-06,,,23071.0,1818.21,,,,,,,36.12,1969000.0
2021-05-07,,,23070.5,1843.45,,,,,,,36.25,2705900.0
2021-05-10,,,23066.0,1845.53,,,,,,,37.48,4504300.0
2021-05-11,,,23065.0,1842.32,,,,,,,37.21,2078700.0
2021-05-12,,,23064.0,1843.69,,,,,,,37.3,1844500.0
2021-05-13,,,23070.5,1828.81,,,,,,,36.69,2558300.0
2021-05-14,,,23052.5,1845.55,,,,,,,37.04,1858700.0
2021-05-17,,,23054.5,1868.8,,,,,,,37.43,1744500.0
2021-05-18,,,23048.0,1875.4,,,,,,,38.0,2133500.0
2021-05-19,,,23051.5,1890.15,,,,,,,39.66,2876300.0
2021-05-20,,,23052.5,1884.12,,,,,,,41.71,3523900.0
2021-05-21,,,23057.5,1889.85,,,,,,,40.97,3222700.0
2021-05-24,,,23060.5,1887.44,,,,,,,40.84,2669500.0
2021-05-25,,,23065.0,1900.63,,,,,,,40.97,2156300.0
2021-05-26,,,23062.5,1913.15,,,,,,,41.63,1992800.0
2021-05-27,,,23062.0,1903.87,,,,,,,40.97,1745800.0
2021-05-28,,,23057.0,1905.9,,,,,,,41.41,1874300.0
2021-05-29,0.028999999999999998,,,,,,,,,,,
2021-05-31,,,23054.0,1911.13,,,,,,,42.76,3237700.0
2021-06-01,,,23062.0,1916.84,,,,,,,44.2,3495000.0
2021-06-02,,,23048.0,1909.34,,,,,,,43.39,3053900.0
2021-06-03,,,23053.0,1909.89,88800000000000.0,22.0,,,,,43.24,3190800.0
2021-06-04,,,23056.0,1896.6,,,,,,,42.98,3820600.0
2021-06-07,,,23055.0,1900.41,,,,,,,41.97,3711200.0
2021-06-08,,,23012.5,1903.95,,,,,,,41.0,3486000.0
2021-06-09,,,23010.5,1899.4,,,,,,,41.46,3576100.0
2021-06-10,,,23005.0,1900.09,,,,,,,41.56,2214900.0
2021-06-11,,,22965.0,1903.3,,,,,,,42.37,2359600.0
2021-06-14,,,22954.0,1878.21,,,,,,,42.53,2547600.0
2021-06-15,,,22956.0,1869.67,,,,,,,42.22,1778700.0
2021-06-16,,,22953.5,1862.43,,,,,,,42.17,2462000.0
2021-06-17,,,22968.0,1825.58,,,,,,,41.92,2236400.0
2021-06-18,,,23015.0,1797.24,,,,,,,42.53,1681700.0
2021-06-21,,,23050.0,1786.75,,,,,,,43.44,3878300.0
2021-06-22,,,23027.5,1790.42,,,,,,,43.34,1760300.0
2021-06-23,,,23028.0,1795.18,,,,,,,43.08,1599900.0
2021-06-24,,,23030.0,1788.56,,,,,,,42.98,1657800.0
2021-06-25,,,23052.0,1790.6,,,,,,,43.24,1503400.0
2021-06-28,,,23025.0,1785.9,,,,,,,43.49,1858800.0
2021-06-29,0.0241,,23030.0,1779.24,,,,,,,44.96,4897800.0
2021-06-30,,,23028.0,1774.72,,,8641707284821.0,3440181142905.0,1523659692592.0,1000031075983.0,44.66,1651100.0
2021-07-01,,,23025.0,1783.07,,,,,,,45.11,1700100.0
2021-07-02,,,23025.0,1795.4,,,,,,,46.64,3873500.0
2021-07-05,,,23011.5,1795.69,,,,,,,47.04,2934200.0
2021-07-06,,,23016.0,1815.34,,,,,,,44.15,2640500.0
2021-07-07,,,23017.5,1810.13,,,,,,,45.93,4910200.0
2021-07-08,,,23032.0,1818.7,,,,,,,45.57,2375400.0
2021-07-09,,,23031.5,1812.71,,,,,,,45.52,2947000.0
2021-07-12,,,23022.0,1811.04,,,,,,,43.69,6764400.0
2021-07-13,,,23029.0,1817.51,,,,,,,44.15,2207400.0
2021-07-14,,,23021.0,1830.32,,,,,,,43.24,2433500.0
2021-07-15,,,23020.0,1833.99,,,,,,,43.34,2714600.0
2021-07-16,,,23016.5,1832.2,,,,,,,44.05,2285700.0
2021-07-19,,,23027.5,1817.56,,,,,,,42.98,3288800.0
2021-07-20,,,23028.5,1825.27,,,,,,,44.05,2553700.0
2021-07-21,,,23029.0,1814.02,,,,,,,43.95,3369200.0
2021-07-22,,,23025.0,1808.34,,,,,,,45.37,4445600.0
2021-07-23,,,23025.0,1810.56,,,,,,,45.93,6755700.0
2021-07-26,,,23022.5,1811.97,,,,,,,47.55,5773100.0
2021-07-27,,,23022.5,1805.6,,,,,,,47.3,5007000.0
2021-07-28,,,23022.5,1809.9,,,,,,,46.69,3346700.0
2021-07-29,0.0264,,23020.0,1833.05,,,,,,,47.4,3712900.0
2021-07-30,,,22992.5,1831.63,,,,,,,47.7,4525900.0
2021-08-02,,,22961.5,1819.94,,,,,,,48.51,4275900.0
2021-08-03,,,22985.0,1815.18,,,,,,,48.62,3607200.0
2021-08-04,,,22957.0,1832.1,,,,,,,48.51,2818400.0
2021-08-05,,,22952.0,1815.45,,,,,,,49.02,2485600.0
2021-08-06,,,22957.0,1804.93,,,,,,,49.02,3413900.0
2021-08-09,,,22966.0,1764.65,,,,,,,49.48,2934500.0
2021-08-10,,,22943.0,1738.49,,,,,,,49.63,2680700.0
2021-08-11,,,22955.0,1754.63,,,,,,,48.77,4883200.0
2021-08-12,,,22845.0,1758.62,,,,,,,47.6,8399400.0
2021-08-13,,,22832.5,1780.53,,,,,,,48.21,3618700.0
2021-08-16,,,22846.0,1789.51,,,,,,,48.52,1906800.0
2021-08-17,,,22840.5,1795.77,,,,,,,48.11,2801700.0
2021-08-18,,,22839.0,1794.31,,,,,,,48.21,1951000.0
2021-08-19,,,22837.5,1792.56,,,,,,,48.47,2721600.0
2021-08-20,,,22834.0,1788.85,,,,,,,47.59,4349300.0
2021-08-23,,,22832.5,1806.92,,,,,,,46.67,3436600.0
2021-08-24,,,22833.5,1810.03,,,,,,,47.13,3081500.0
2021-08-25,,,22830.0,1803.57,,,,,,,47.13,1344000.0
2021-08-26,,,22819.0,1798.61,,,,,,,46.88,1758700.0
2021-08-27,,,22794.5,1819.38,,,,,,,47.18,1896200.0
2021-08-29,0.0282,,,,,,,,,,,
2021-08-30,,,22800.5,1823.38,,,,,,,47.29,1494800.0
2021-08-31,,,22785.5,1819.43,,,,,,,47.39,1952500.0
2021-09-01,,,22795.0,1820.21,,,,,,,47.39,1353300.0
2021-09-02,,,22760.0,1817.53,,,,,,,,
2021-09-03,,,22760.0,1834.55,,,,,,,,
2021-09-06,,,22781.5,1830.6,,,,,,,48.67,3124600.0
2021-09-07,,,22790.0,1827.39,,,,,,,47.95,2290600.0
2021-09-08,,,22769.0,1802.6,,,,,,,47.75,1453800.0
2021-09-09,,,22767.5,1801.19,,,,,,,47.8,1393700.0
2021-09-10,,,22767.0,1804.15,,,,,,,47.95,1440100.0
2021-09-13,,,22767.5,1798.66,,,,,,,47.7,1600000.0
2021-09-14,,,22766.5,1808.99,,,,,,,48.11,2523200.0
2021-09-15,,,22766.0,1807.3,,,,,,,48.26,1690100.0
2021-09-16,,,22765.0,1796.71,,,,,,,48.57,1924700.0
2021-09-17,,,22772.5,1768.22,,,,,,,49.08,3325700.0
2021-09-19,,,,,106400000000000.0,25.2,,,,,,
2021-09-20,,,22782.0,1767.31,,,,,,,48.41,2526100.0
2021-09-21,,,22781.0,1782.07,,,,,,,47.95,2697100.0
2021-09-22,,,22780.0,1787.51,,,,,,,47.8,2027200.0
2021-09-23,,,22772.5,1776.6,,,,,,,47.75,1394200.0
2021-09-24,,,22774.5,1758.08,,,,,,,47.54,1449000.0
2021-09-27,,,22773.5,1761.29,,,,,,,47.23,1546100.0
2021-09-28,,,22785.0,1754.8,,,,,,,47.7,1393500.0
2021-09-29,0.0206,,22768.5,1746.11,,,,,,,47.8,1177400.0
2021-09-30,,,22768.5,1764.53,,,8725171956972.0,3250928734025.0,1583035594235.0,1124838737907.0,47.7,996900.0
2021-10-01,,,22765.0,1764.4,,,,,,,47.64,1055400.0
2021-10-04,,,22764.5,1771.06,,,,,,,48.52,2277800.0
2021-10-05,,,22764.0,1771.03,,,,,,,48.41,1392800.0
2021-10-06,,,22805.0,1765.78,,,,,,,48.41,1571300.0
2021-10-07,,,22766.0,1767.45,,,,,,,48.36,1497000.0
2021-10-08,,,22765.0,1781.6,,,,,,,50.72,8305600.0
2021-10-11,,,22764.0,1761.36,,,,,,,50.88,2295500.0
2021-10-12,,,22763.5,1769.78,,,,,,,50.77,1125300.0
2021-10-13,,,22763.5,1796.31,,,,,,,50.98,3232500.0
2021-10-14,,,22765.5,1800.91,,,,,,,50.67,1824200.0
2021-10-15,,,22762.5,1796.89,,,,,,,50.72,1702500.0
2021-10-18,,,22794.0,1772.3,,,,,,,50.77,2264100.0
2021-10-19,,,22764.0,1785.53,,,,,,,50.57,1534300.0
2021-10-20,,,22763.0,1788.68,,,,,,,50.06,2248600.0
2021-10-21,,,22762.5,1789.61,,,,,,,49.59,2283600.0
2021-10-22,,,22762.0,1814.22,,,,,,,49.34,2023400.0
2021-10-25,,,22759.5,1810.18,,,,,,,48.67,2938500.0
2021-10-26,,,22761.5,1808.5,,,,,,,49.7,1855700.0
2021-10-27,,,22764.5,1799.38,,,,,,,50.36,2326700.0
2021-10-28,,,22762.5,1810.49,,,,,,,50.26,1644700.0
2021-10-29,0.0177,,22756.0,1801.49,,,,,,,49.7,2382700.0
2021-11-01,,,22757.5,1796.2,,,,,,,49.13,2855800.0
2021-11-02,,,22758.5,1796.91,,,,,,,49.29,2109100.0
2021-11-03,,,22754.0,1788.42,,,,,,,49.29,2680100.0
2021-11-04,,,22723.5,1799.26,,,,,,,49.23,1761300.0
2021-11-05,,,22690.0,1818.61,,,,,,,50.06,2169900.0
2021-11-08,,,22685.0,1826.93,,,,,,,49.95,1687900.0
2021-11-09,,,22669.5,1833.08,,,,,,,49.44,1845900.0
2021-11-10,,,22667.5,1868.7,,,,,,,49.75,1592400.0
2021-11-11,,,22659.0,1866.35,,,,,,,49.23,2122200.0
2021-11-12,,,22662.0,1868.69,,,,,,,50.26,2240300.0
2021-11-15,,,22662.0,1870.57,,,,,,,49.9,1908900.0
2021-11-16,,,22655.0,1877.4,,,,,,,50.41,3506200.0
2021-11-17,,,22655.5,1868.32,,,,,,,50.41,1186200.0
2021-11-18,,,22665.0,1871.29,,,,,,,49.49,2005000.0
2021-11-19,,,22665.0,1865.76,,,,,,,48.88,2481300.0
2021-11-22,,,22675.0,1849.49,,,,,,,48.72,1670100.0
2021-11-23,,,22680.0,1812.5,,,,,,,49.54,1150800.0
2021-11-24,,,22695.0,1797.01,,,,,,,50.21,2445600.0
2021-11-25,,,22690.0,1795.65,,,,,,,51.29,5487400.0
2021-11-26,,,22685.0,1815.78,,,,,,,50.72,1996200.0
2021-11-29,0.021,,22695.0,1799.8,,,,,,,50.31,1993000.0
2021-11-30,,,22726.0,1809.38,,,,,,,49.8,2563100.0
2021-12-01,,,22715.0,1794.8,,,,,,,50.36,1254900.0
2021-12-02,,,22735.0,1783.58,,,,,,,49.85,952900.0
2021-12-03,,,22857.5,1786.44,,,,,,,48.98,2009700.0
2021-12-06,,,23125.0,1787.87,,,,,,,48.47,2393800.0
2021-12-07,,,23120.0,1788.02,,,,,,,49.23,1451000.0
2021-12-08,,,23080.0,1793.6,,,,,,,49.03,1064800.0
2021-12-09,,,22997.5,1788.05,,,,,,,49.75,993100.0
2021-12-10,,,23075.0,1789.47,,,,,,,49.13,1160000.0
2021-12-13,,,23051.5,1791.78,,,,,,,49.23,900200.0
2021-12-14,,,23025.0,1789.74,,,,,,,49.08,1144500.0
2021-12-15,,,23075.0,1781.04,,,,,,,49.18,808400.0
2021-12-16,,,23060.0,1799.53,,,,,,,48.98,1245000.0
2021-12-17,,,23035.0,1814.63,,,,,,,49.44,1152100.0
2021-12-20,,,22985.0,1804.32,,,,,,,49.13,1019800.0
2021-12-21,,,22936.5,1800.85,,,,,,,48.82,1112300.0
2021-12-22,,,22982.5,1805.13,,,,,,,48.72,1670500.0
2021-12-23,,,22980.0,1811.02,,,,,,,47.8,1930300.0
2021-12-24,,,22955.0,1812.7,,,,,,,48.11,1186700.0
2021-12-27,,,22838.5,1813.74,,,,,,,48.47,793700.0
2021-12-28,,,22890.0,1820.7,,,,,,,48.47,567300.0
2021-12-29,0.0181,,22842.5,1808.16,,,,,,,48.0,912200.0
2021-12-30,,,22840.0,1817.44,,,,,,,48.0,810800.0
2021-12-31,,366474752771.01,22857.5,1830.58,,,10704055633280.0,4094368175339.0,1739745644406.0,1301522104628.0,47.7,1607400.0
2022-01-03,,,22825.0,1832.06,,,,,,,,
2022-01-04,,,22782.5,1816.83,,,,,,,47.95,1935000.0
2022-01-05,,,22770.0,1829.82,106000000000000.0,23.8,,,,,48.0,1193800.0
2022-01-06,,,22811.0,1811.89,,,,,,,47.95,1192400.0
2022-01-07,,,22751.5,1799.2,,,,,,,47.9,1016800.0
2022-01-10,,,22760.0,1802.57,,,,,,,47.18,1882400.0
2022-01-11,,,22730.0,1823.35,,,,,,,45.9,2509300.0
2022-01-12,,,22710.0,1828.33,,,,,,,45.95,1740700.0
2022-01-13,,,22715.0,1828.38,,,,,,,47.23,1811800.0
2022-01-14,,,22730.0,1829.66,,,,,,,46.82,686700.0
2022-01-17,,,22736.5,1823.72,,,,,,,45.64,1568400.0
2022-01-18,,,22815.0,1823.01,,,,,,,45.18,1209900.0
2022-01-19,,,22810.0,1843.72,,,,,,,45.29,744900.0
2022-01-20,,,22740.0,1848.36,,,,,,,45.54,1334600.0
2022-01-21,,,22675.0,1843.53,,,,,,,45.23,841200.0
2022-01-24,,,22700.0,1844.53,,,,,,,43.75,2024200.0
2022-01-25,,,22702.5,1853.98,,,,,,,44.36,1192600.0
2022-01-26,,,22675.0,1850.44,,,,,,,44.11,913600.0
2022-01-27,,,22659.5,1822.51,,,,,,,44.05,719600.0
2022-01-28,,,22670.0,1799.82,,,,,,,45.9,1552300.0
2022-01-29,0.0194,,,,,,,,,,,
2022-01-31,,,22645.0,1800.23,,,,,,,,
2022-02-01,,,22645.0,1809.16,,,,,,,,
2022-02-02,,,22645.0,1811.53,,,,,,,,
2022-02-03,,,22645.0,1809.22,,,,,,,,
2022-02-04,,,22645.0,1815.44,,,,,,,,
2022-02-07,,,22682.5,1824.06,,,,,,,45.9,518400.0
2022-02-08,,,22722.5,1829.09,,,,,,,46.47,845100.0
2022-02-09,,,22750.0,1836.35,,,,,,,46.52,1142700.0
2022-02-10,,,22707.5,1842.35,,,,,,,47.18,974900.0
2022-02-11,,,22700.0,1865.63,,,,,,,46.98,641600.0
2022-02-14,,,22755.0,1874.41,,,,,,,46.67,774100.0
2022-02-15,,,22765.0,1879.89,,,,,,,46.72,655400.0
2022-02-16,,,22765.0,1873.16,,,,,,,46.82,614200.0
2022-02-17,,,22790.0,1901.57,,,,,,,47.59,853700.0
2022-02-18,,,22905.0,1902.84,,,,,,,47.29,618800.0
2022-02-21,,,22842.5,1908.38,,,,,,,47.95,1386000.0
2022-02-22,,,22839.0,1914.44,,,,,,,47.64,1158200.0
2022-02-23,,,22837.0,1911.0,,,,,,,47.7,973800.0
2022-02-24,,,22845.0,1974.48,,,,,,,47.18,1349600.0
2022-02-25,,,22845.0,1921.54,,,,,,,47.34,1059900.0
2022-02-28,0.014199999999999999,,22869.5,1929.36,,,,,,,47.85,1504600.0
2022-03-01,,,22821.5,1950.45,,,,,,,47.9,1101900.0
2022-03-02,,,22845.0,1948.18,,,,,,,47.75,1088900.0
2022-03-03,,,22855.0,1941.47,,,,,,,47.9,957600.0
2022-03-04,,,22845.0,1970.8,,,,,,,47.95,1343800.0
2022-03-07,,,22862.5,2002.9,,,,,,,48.11,1698000.0
2022-03-08,,,22854.0,2070.29,,,,,,,48.62,2227500.0
2022-03-09,,,22852.5,2059.25,,,,,,,48.98,2204000.0
2022-03-10,,,22856.5,2009.57,,,,,,,48.52,778700.0
2022-03-11,,,22920.0,1999.22,,,,,,,47.8,1139000.0
2022-03-14,,,22902.0,1990.33,,,,,,,47.08,1943000.0
2022-03-15,,,22902.5,1954.95,,,,,,,46.67,1872000.0
2022-03-16,,,22886.5,1929.87,,,,,,,46.98,1139600.0
2022-03-17,,,22882.0,1950.1,,,,,,,47.18,1180600.0
2022-03-18,,,22877.5,1945.51,,,,,,,48.77,2815100.0
2022-03-21,,,22894.5,1940.69,,,,,,,48.88,1560700.0
2022-03-22,,,22877.5,1938.59,,,,,,,49.44,2079200.0
2022-03-23,,,22883.5,1948.55,,,,,,,49.49,1975800.0
2022-03-24,,,22880.0,1966.19,,,,,,,49.23,1823700.0
2022-03-25,,,22877.0,1964.49,,,,,,,49.08,1228100.0
2022-03-28,,,22877.5,1959.36,,,,,,,50.31,3501600.0
2022-03-29,0.0241,,22879.0,1929.41,,,,,,,53.8,8224300.0
2022-03-30,,,22879.0,1938.53,,,,,,,54.36,2830700.0
2022-03-31,,,22868.0,1949.92,,,9730253844391.0,3953321292553.0,1772700579087.0,1238879424986.0,54.88,3472300.0
2022-04-01,,,22855.0,1939.99,,,,,,,56.93,4317300.0
2022-04-04,,,22853.5,1937.05,,,,,,,56.06,2687800.0
2022-04-05,,,22876.5,1944.73,,,,,,,55.9,1863900.0
2022-04-06,,,22878.5,1933.65,,,,,,,57.95,4179000.0
2022-04-07,,,22875.0,1938.07,,,,,,,58.11,3915200.0
2022-04-08,,,22874.0,1948.46,,,,,,,55.65,4069700.0
2022-04-11,,,22860.0,1969.41,,,,,,,,
2022-04-12,,,22890.5,1978.63,,,,,,,56.31,3162100.0
2022-04-13,,,22943.0,1981.82,,,,,,,59.03,3322800.0
2022-04-14,,,22903.0,1980.81,,,,,,,59.8,3529400.0
2022-04-15,,,22906.5,1975.69,,,,,,,58.98,3121400.0
2022-04-18,,,22931.5,1998.6,,,,,,,59.24,3356100.0
2022-04-19,,,22965.0,1982.31,,,,,,,57.44,4731000.0
2022-04-20,,,22986.5,1958.57,,,,,,,57.44,3295000.0
2022-04-21,,,22986.5,1958.0,,,,,,,57.44,4068500.0
2022-04-22,,,22972.5,1955.93,,,,,,,56.98,5708900.0
2022-04-23,,,,,125100000000000.0,25.5,,,,,,
2022-04-25,,,22986.5,1934.71,,,,,,,53.03,4605900.0
2022-04-26,,,22986.0,1911.5,,,,,,,53.49,5431400.0
2022-04-27,,,22983.5,1907.25,,,,,,,52.82,2529700.0
2022-04-28,,,22968.0,1897.32,,,,,,,54.11,2530400.0
2022-04-29,0.0264,,22975.5,1919.97,,,,,,,53.85,3991500.0
2022-05-02,,,22962.0,1900.1,,,,,,,,
2022-05-03,,,22962.0,1878.19,,,,,,,,
2022-05-04,,,22976.5,1889.74,,,,,,,53.59,1598400.0
2022-05-05,,,22976.0,1910.03,,,,,,,53.7,2194900.0
2022-05-06,,,22971.5,1892.93,,,,,,,51.39,2430900.0
2022-05-09,,,22963.0,1885.95,,,,,,,48.21,4499100.0
2022-05-10,,,22962.5,1865.76,,,,,,,50.47,2816700.0
2022-05-11,,,23105.0,1857.99,,,,,,,52.26,1667700.0
2022-05-12,,,23102.5,1859.3,,,,,,,49.03,2591500.0
2022-05-13,,,23097.5,1829.06,,,,,,,48.0,4103700.0
2022-05-16,,,23097.5,1827.23,,,,,,,47.8,1740900.0
2022-05-17,,,23175.5,1836.55,,,,,,,51.13,2045800.0
2022-05-18,,,23142.5,1825.02,,,,,,,50.11,1934400.0
2022-05-19,,,23174.5,1849.46,,,,,,,49.75,1228600.0
2022-05-20,,,23178.0,1849.59,,,,,,,50.0,1410400.0
2022-05-23,,,23175.0,1865.65,,,,,,,49.49,1136900.0
2022-05-24,,,23225.0,1869.99,,,,,,,50.36,1384700.0
2022-05-25,,,23215.0,1868.4,,,,,,,53.85,3770800.0
2022-05-26,,,23215.0,1854.71,,,,,,,54.16,1426400.0
2022-05-27,,,23210.0,1862.3,,,,,,,57.34,3878400.0
2022-05-30,0.0286,,23205.0,1864.34,,,,,,,57.08,2496900.0
2022-05-31,,,23191.5,1857.69,,,,,,,56.36,2157000.0
2022-06-01,,,23211.0,1850.4,,,,,,,57.34,2036500.0
2022-06-02,,,23211.0,1870.69,,,,,,,57.18,2292800.0
2022-06-03,,,23204.0,1874.3,,,,,,,58.47,1755900.0
2022-06-06,,,23208.5,1858.15,,,,,,,57.95,2558200.0
2022-06-07,,,23201.0,1855.86,,,,,,,59.29,3908000.0
2022-06-08,,,23193.0,1859.9,,,,,,,58.98,2660400.0
2022-06-09,,,23192.0,1855.52,,,,,,,59.13,1706300.0
2022-06-10,,,23193.0,1876.47,,,,,,,56.41,2972500.0
2022-06-13,,,23212.5,1877.38,,,,,,,53.53,3393300.0
2022-06-14,,,23250.0,1832.19,,,,,,,55.34,2308300.0
2022-06-15,,,23235.0,1841.74,,,,,,,56.2,1762600.0
2022-06-16,,,23242.5,1857.91,,,,,,,57.14,2517500.0
2022-06-17,,,23245.0,1858.29,,,,,,,57.14,2321400.0
2022-06-20,,,23250.0,1846.42,,,,,,,57.14,2483900.0
2022-06-21,,,23241.5,1844.15,,,,,,,55.34,2460200.0
2022-06-22,,,23246.0,1848.44,,,,,,,52.48,2971400.0
2022-06-23,,,23256.0,1846.19,,,,,,,53.1,2022500.0
2022-06-24,,,23259.0,1832.15,,,,,,,53.1,902400.0
2022-06-27,,,23256.5,1841.34,,,,,,,53.72,1254800.0
2022-06-28,,,23262.0,1830.09,,,,,,,55.71,2296600.0
2022-06-29,0.0337,,23270.0,1833.24,,,,,,,55.89,1182600.0
2022-06-30,,,23292.5,1825.9,,,10096060090959.0,3842688349310.0,1836170115757.0,1250820478762.0,53.53,1506500.0
2022-07-01,,,23320.0,1812.09,,,,,,,54.65,1696500.0
2022-07-04,,,23377.5,1814.36,,,,,,,53.84,1005500.0
2022-07-05,,,23375.0,1812.42,,,,,,,53.04,1395600.0
2022-07-06,,,23380.0,1773.06,,,,,,,51.86,2232400.0
2022-07-07,,,23388.0,1749.14,,,,,,,51.61,1286300.0
2022-07-08,,,23384.5,1752.5,,,,,,,51.92,910400.0
2022-07-11,,,23357.5,1744.92,,,,,,,51.42,998100.0
2022-07-12,,,23394.0,1743.49,,,,,,,51.86,602800.0
2022-07-13,,,23399.0,1745.54,,,,,,,51.24,1140700.0
2022-07-14,,,23420.0,1736.94,,,,,,,51.42,891300.0
2022-07-15,,,23455.0,1716.92,,,,,,,51.05,1382300.0
2022-07-18,,,23447.5,1724.05,,,,,,,51.55,1264900.0
2022-07-19,,,23460.0,1718.64,,,,,,,51.55,1185400.0
2022-07-20,,,23443.5,1714.94,,,,,,,52.73,2848900.0
2022-07-21,,,23429.5,1720.69,,,,,,,52.79,1804200.0
2022-07-22,,,23427.5,1739.28,,,,,,,52.85,1307200.0
2022-07-25,,,23409.5,1736.43,,,,,,,53.04,2245900.0
2022-07-26,,,23387.5,1728.36,,,,,,,52.66,1128800.0
2022-07-27,,,23383.5,1740.6,,,,,,,52.91,771100.0
2022-07-28,,,23380.0,1757.43,,,,,,,52.73,1664800.0
2022-07-29,0.031400000000000004,,23401.5,1768.17,,,,,,,51.86,1941800.0
2022-08-01,,,23364.0,1775.22,,,,,,,52.17,1815100.0
2022-08-02,,,23381.5,1788.24,,,,,,,52.79,1879700.0
2022-08-03,,,23402.5,1772.9,,,,,,,52.66,2249500.0
2022-08-04,,,23416.5,1795.29,,,,,,,53.47,3046800.0
2022-08-05,,,23412.5,1795.29,,,,,,,53.29,1773100.0
2022-08-08,,,23398.5,1790.26,,,,,,,53.41,1586800.0
2022-08-09,,,23401.5,1800.45,115100000000000.0,20.4,,,,,53.53,2320800.0
2022-08-10,,,23394.5,1807.9,,,,,,,53.41,1121400.0
2022-08-11,,,23395.0,1799.4,,,,,,,53.41,1852800.0
2022-08-12,,,23404.5,1802.86,,,,,,,53.72,1243100.0
2022-08-15,,,23408.5,1802.53,,,,,,,55.21,3085000.0
2022-08-16,,,23413.5,1783.37,,,,,,,55.09,1382800.0
2022-08-17,,,23413.0,1782.63,,,,,,,54.84,1506200.0
2022-08-18,,,23406.0,1772.59,,,,,,,54.84,2552900.0
2022-08-19,,,23406.0,1759.88,,,,,,,53.97,1957600.0
2022-08-22,,,23415.0,1749.31,,,,,,,53.91,1634000.0
2022-08-23,,,23435.0,1754.28,,,,,,,54.03,1085700.0
2022-08-24,,,23489.0,1755.88,,,,,,,54.16,1008000.0
2022-08-25,,,23460.0,1765.93,,,,,,,54.22,1143900.0
2022-08-26,,,23440.5,1759.31,,,,,,,54.79,1936600.0
2022-08-29,0.028900000000000002,,23445.0,1745.63,,,,,,,54.35,2228000.0
2022-08-30,,,23435.0,1740.93,,,,,,,54.28,1153200.0
2022-08-31,,,23467.5,1726.86,,,,,,,54.41,1173700.0
2022-09-01,,,23450.0,1711.81,,,,,,,,
2022-09-02,,,23450.0,1718.31,,,,,,,,
2022-09-05,,,23567.5,1716.34,,,,,,,54.16,1020900.0
2022-09-06,,,23552.5,1727.24,,,,,,,53.91,1171600.0
2022-09-07,,,23635.0,1719.82,,,,,,,52.77,2236400.0
2022-09-08,,,23632.5,1728.8,,,,,,,52.96,1135600.0
2022-09-09,,,23620.0,1729.94,,,,,,,52.96,1145400.0
2022-09-12,,,23570.0,1735.37,,,,,,,53.15,741003.0
2022-09-13,,,23560.0,1732.34,,,,,,,53.15,1062534.0
2022-09-14,,,23607.5,1707.49,,,,,,,52.77,1319726.0
2022-09-15,,,23630.0,1698.62,,,,,,,52.59,787676.0
2022-09-16,,,23672.5,1680.69,,,,,,,51.83,1367082.0
2022-09-19,,,23681.0,1680.16,,,,,,,52.21,1791147.0
2022-09-20,,,23682.0,1679.34,,,,,,,52.4,579770.0
2022-09-21,,,23698.5,1688.15,,,,,,,51.71,778267.0
2022-09-22,,,23715.0,1685.49,,,,,,,52.08,1176159.0
2022-09-23,,,23715.0,1676.59,,,,,,,51.77,843288.0
2022-09-26,,,23742.5,1650.02,,,,,,,51.2,1869134.0
2022-09-27,,,23740.5,1642.94,,,,,,,50.58,935561.0
2022-09-28,,,23782.5,1663.17,,,,,,,49.01,2052319.0
2022-09-29,0.0394,,23860.0,1665.12,,,,,,,48.38,1306874.0
2022-09-30,,,23887.5,1675.57,,,11148559020353.0,4359485692257.0,1993657541909.0,1453716280969.0,50.58,2115328.0
2022-10-03,,,23913.5,1701.8,,,,,,,48.38,1250717.0
2022-10-04,,,23907.5,1729.73,,,,,,,48.69,2043505.0
2022-10-05,,,23907.5,1728.1,,,,,,,49.26,973961.0
2022-10-06,,,23887.5,1726.09,,,,,,,48.06,1269026.0
2022-10-07,,,23895.0,1715.4,,,,,,,46.49,2066184.0
2022-10-10,,,23895.0,1700.33,,,,,,,46.49,1629697.0
2022-10-11,,,23942.5,1684.44,,,,,,,44.61,1596971.0
2022-10-12,,,23977.5,1678.9,,,,,,,45.49,1466379.0
2022-10-13,,,24155.0,1682.84,,,,,,,45.86,830864.0
2022-10-14,,,24183.5,1672.02,,,,,,,46.49,846734.0
2022-10-17,,,24355.0,1668.69,,,,,,,46.37,709751.0
2022-10-18,,,24445.0,1661.27,,,,,,,47.06,880847.0
2022-10-19,,,24580.0,1654.9,,,,,,,47.43,1025903.0
2022-10-20,,,24564.0,1645.83,,,,,,,48.88,1733758.0
2022-10-21,,,24845.0,1659.08,,,,,,,46.43,1569208.0
2022-10-24,,,24872.5,1670.55,,,,,,,44.67,1429975.0
2022-10-25,,,24867.5,1662.89,,,,,,,45.99,1567991.0
2022-10-26,,,24862.5,1675.12,,,,,,,46.37,626989.0
2022-10-27,,,24851.0,1671.09,,,,,,,47.62,938494.0
2022-10-28,,,24850.0,1667.44,,,,,,,47.12,878087.0
2022-10-29,0.043,,,,,,,,,,,
2022-10-31,,,24860.0,1645.8,,,,,,,47.5,1087300.0
2022-11-01,,,24875.0,1657.13,,,,,,,47.43,563319.0
2022-11-02,,,24872.5,1669.6,,,,,,,46.49,980330.0
2022-11-03,,,24872.5,1641.32,,,,,,,46.55,624173.0
2022-11-04,,,24883.0,1682.17,,,,,,,45.8,1649525.0
2022-11-07,,,24874.5,1682.08,,,,,,,45.61,1574023.0
2022-11-08,,,24871.5,1717.31,,,,,,,46.05,947845.0
2022-11-09,,,24873.5,1722.94,,,,,,,46.49,699349.0
2022-11-10,,,24872.0,1757.59,,,,,,,45.86,1598605.0
2022-11-11,,,24869.0,1773.17,,,,,,,45.74,1004524.0
2022-11-14,,,24830.0,1775.36,,,,,,,44.48,1642109.0
2022-11-15,,,24848.5,1786.68,,,,,,,41.4,3123365.0
2022-11-16,,,24807.5,1785.49,,,,,,,43.54,3056552.0
2022-11-17,,,24836.0,1775.2,,,,,,,44.61,1548529.0
2022-11-18,,,24816.0,1767.98,,,,,,,44.92,1264028.0
2022-11-21,,,24842.5,1753.52,,,,,,,44.04,842416.0
2022-11-22,,,24854.5,1749.98,,,,,,,44.29,1178595.0
2022-11-23,,,24852.5,1753.54,,,,,,,44.29,467451.0
2022-11-24,,,24851.5,1759.08,,,,,,,44.29,789675.0
2022-11-25,,,24853.5,1761.58,92100000000000.0,15.2,,,,,45.24,1268624.0
2022-11-28,,,24826.5,1764.08,,,,,,,46.68,1151034.0
2022-11-29,0.0437,,24795.0,1759.33,,,,,,,46.68,1146480.0
2022-11-30,,,24741.5,1770.39,,,,,,,46.87,914889.0
2022-12-01,,,24550.0,1804.32,,,,,,,46.93,1779052.0
2022-12-02,,,24455.0,1804.93,,,,,,,48.63,2906008.0
2022-12-05,,,24125.0,1810.33,,,,,,,49.19,1221587.0
2022-12-06,,,24095.0,1781.46,,,,,,,47.75,1541582.0
2022-12-07,,,24015.0,1790.92,,,,,,,48.06,1031634.0
2022-12-08,,,23930.0,1795.18,,,,,,,48.38,1269574.0
2022-12-09,,,23625.0,1806.45,,,,,,,49.01,989370.0
2022-12-12,,,23705.0,1798.0,,,,,,,48.38,1215379.0
2022-12-13,,,23705.0,1824.87,,,,,,,48.5,901395.0
2022-12-14,,,23575.0,1814.19,,,,,,,47.94,1159669.0
2022-12-15,,,23592.5,1809.09,,,,,,,48.82,1172479.0
2022-12-16,,,23610.0,1794.69,,,,,,,48.94,912560.0
2022-12-19,,,23715.0,1799.1,,,,,,,48.13,1028326.0
2022-12-20,,,23855.0,1821.6,,,,,,,48.13,787843.0
2022-12-21,,,23760.0,1824.39,,,,,,,48.5,545497.0
2022-12-22,,,23745.0,1821.1,,,,,,,48.5,659431.0
2022-12-23,,,23675.0,1803.6,,,,,,,49.01,1222704.0
2022-12-26,,,23657.5,1798.78,,,,,,,48.0,833640.0
2022-12-27,,,23630.0,1833.39,,,,,,,48.06,806989.0
2022-12-28,,,23642.5,1815.18,,,,,,,48.19,590282.0
2022-12-29,0.0455,,23675.0,1820.52,,,,,,,47.87,656647.0
2022-12-30,,,23645.0,1826.73,,,,,,,48.31,629719.0
2022-12-31,,413445230668.58,,,,,13042426271109.0,5241273784162.0,1978262144383.0,1351601105816.0,,
2023-01-02,,,23610.0,1823.94,,,,,,,,
2023-01-03,,,23590.0,1850.69,,,,,,,50.26,1538861.0
2023-01-04,,,23562.5,1865.49,,,,,,,50.26,796544.0
2023-01-05,,,23522.5,1859.36,,,,,,,50.64,1014719.0
2023-01-06,,,23515.0,1870.37,,,,,,,50.45,721096.0
2023-01-09,,,23485.0,1881.8,,,,,,,50.45,520315.0
2023-01-10,,,23482.5,1881.04,,,,,,,50.51,754254.0
2023-01-11,,,23465.0,1887.09,,,,,,,50.83,1078639.0
2023-01-12,,,23460.0,1901.88,,,,,,,50.7,544065.0
2023-01-13,,,23450.5,1922.24,,,,,,,50.26,629501.0
2023-01-16,,,23450.0,1929.24,,,,,,,50.76,576876.0
2023-01-17,,,23450.0,1919.83,,,,,,,51.52,980634.0
2023-01-18,,,23470.0,1926.3,,,,,,,52.4,956810.0
2023-01-19,,,23485.0,1935.4,,,,,,,52.71,1329468.0
2023-01-20,,,23440.0,1937.72,,,,,,,,
2023-01-23,,,23440.0,1935.69,,,,,,,,
2023-01-24,,,23440.0,1942.93,,,,,,,,
2023-01-25,,,23440.0,1948.12,,,,,,,,
2023-01-26,,,23440.0,1949.27,,,,,,,,
2023-01-27,,,23485.0,1935.15,,,,,,,52.77,1145253.0
2023-01-29,0.0489,,,,,,,,,,,
2023-01-30,,,23477.5,1934.61,,,,,,,52.59,893299.0
2023-01-31,,,23476.0,1931.15,,,,,,,52.46,1531495.0
2023-02-01,,,23495.0,1954.63,,,,,,,51.52,1051061.0
2023-02-02,,,23454.5,1959.77,,,,,,,51.46,1327690.0
2023-02-03,,,23505.0,1918.72,,,,,,,50.32,1730152.0
2023-02-06,,,23505.0,1881.54,,,,,,,50.58,946115.0
2023-02-07,,,23615.0,1884.45,,,,,,,50.7,752838.0
2023-02-08,,,23634.5,1886.28,,,,,,,51.02,671553.0
2023-02-09,,,23640.0,1890.69,,,,,,,50.7,743939.0
2023-02-10,,,23630.0,1872.31,,,,,,,50.7,725810.0
2023-02-13,,,23610.0,1866.83,,,,,,,50.7,614692.0
2023-02-14,,,23622.5,1871.03,,,,,,,50.76,621417.0
2023-02-15,,,23641.5,1860.18,,,,,,,51.27,646219.0
2023-02-16,,,23707.5,1845.45,,,,,,,51.27,425495.0
2023-02-17,,,23835.0,1843.77,,,,,,,51.27,468845.0
2023-02-20,,,23855.0,1847.86,,,,,,,52.02,1277504.0
2023-02-21,,,23805.0,1844.44,,,,,,,52.02,841841.0
2023-02-22,,,23805.0,1846.26,,,,,,,51.39,748561.0
2023-02-23,,,23870.0,1834.43,,,,,,,51.14,1161953.0
2023-02-24,,,23847.5,1827.98,,,,,,,50.76,559986.0
2023-02-27,,,23835.0,1820.22,,,,,,,50.45,1016698.0
2023-02-28,0.0431,,23807.5,1831.27,,,,,,,50.58,525466.0
2023-03-01,,,23790.0,1845.05,,,,,,,50.58,1377551.0
2023-03-02,,,23735.0,1838.94,,,,,,,50.26,431732.0
2023-03-03,,,23738.5,1856.47,,,,,,,49.32,741791.0
2023-03-06,,,23733.0,1858.84,,,,,,,49.13,818674.0
2023-03-07,,,23667.5,1852.26,,,,,,,49.51,793553.0
2023-03-08,,,23757.5,1824.38,,,,,,,49.95,511968.0
2023-03-09,,,23756.0,1835.56,,,,,,,50.64,641624.0
2023-03-10,,,23705.0,1870.28,,,,,,,49.95,641543.0
2023-03-13,,,23675.0,1914.79,103700000000000.0,17.2,,,,,49.57,887883.0
2023-03-14,,,23610.0,1914.52,,,,,,,49.44,428257.0
2023-03-15,,,23602.5,1937.46,,,,,,,50.58,693264.0
2023-03-16,,,23587.5,1934.12,,,,,,,49.76,850831.0
2023-03-17,,,23607.5,1989.8,,,,,,,49.63,430362.0
2023-03-20,,,23590.0,2010.19,,,,,,,48.75,771192.0
2023-03-21,,,23595.0,1985.3,,,,,,,49.07,537316.0
2023-03-22,,,23570.0,1978.93,,,,,,,49.32,611402.0
2023-03-23,,,23520.0,2003.43,,,,,,,49.01,357327.0
2023-03-24,,,23525.0,2003.19,,,,,,,49.38,367884.0
2023-03-27,,,23532.5,1979.89,,,,,,,49.7,768784.0
2023-03-28,,,23521.0,1975.45,,,,,,,49.76,1001517.0
2023-03-29,0.0335,,23515.0,1974.64,,,,,,,49.63,405351.0
2023-03-30,,,23490.0,1984.4,,,,,,,49.7,409438.0
2023-03-31,,,23510.0,1987.84,,,11681378883303.0,4567879000694.0,2096933282136.0,1493562580890.0,49.7,672646.0
2023-04-03,,,23515.0,1990.64,,,,,,,50.83,1172390.0
2023-04-04,,,23495.0,2025.19,,,,,,,50.58,585746.0
2023-04-05,,,23497.5,2032.2,,,,,,,50.64,423371.0
2023-04-06,,,23475.0,2021.63,,,,,,,50.45,614350.0
2023-04-07,,,23460.0,,,,,,,,50.58,360755.0
2023-04-10,,,23452.5,2011.17,,,,,,,50.45,771039.0
2023-04-11,,,23457.0,2007.58,,,,,,,50.45,534886.0
2023-04-12,,,23454.5,2028.4,,,,,,,50.45,575815.0
2023-04-13,,,23453.5,2048.84,,,,,,,50.01,542069.0
2023-04-14,,,23451.0,2047.6,,,,,,,50.01,399536.0
2023-04-17,,,23495.0,2015.13,,,,,,,50.01,450882.0
2023-04-18,,,23517.0,2011.98,,,,,,,49.88,302472.0
2023-04-19,,,23518.0,2008.33,,,,,,,49.82,420463.0
2023-04-20,,,23562.5,2012.74,,,,,,,49.88,365619.0
2023-04-21,,,23508.5,2005.75,,,,,,,49.82,324840.0
2023-04-24,,,23497.0,1990.97,,,,,,,49.7,795812.0
2023-04-25,,,23496.0,2003.9,,,,,,,49.26,541028.0
2023-04-26,,,23495.0,2009.51,,,,,,,49.19,772857.0
2023-04-27,,,23492.5,2003.45,,,,,,,49.19,221966.0
2023-04-28,,,23483.0,1995.13,,,,,,,48.69,946202.0
2023-04-29,0.0281,,,,,,,,,,,
2023-05-01,,,23450.0,2006.05,,,,,,,,
2023-05-02,,,23450.0,2019.54,,,,,,,,
2023-05-03,,,23450.0,2040.69,,,,,,,,
2023-05-04,,,23457.5,2073.29,,,,,,,49.32,498526.0
2023-05-05,,,23455.0,2053.13,,,,,,,49.26,320239.0
2023-05-08,,,23460.0,2029.63,,,,,,,49.32,364297.0
2023-05-09,,,23469.0,2037.7,,,,,,,49.57,607003.0
2023-05-10,,,23475.0,2048.22,,,,,,,49.63,633179.0
2023-05-11,,,23475.0,2041.44,,,,,,,49.7,477378.0
2023-05-12,,,23475.0,2022.56,,,,,,,50.58,1085041.0
2023-05-15,,,23471.5,2022.2,,,,,,,50.89,936340.0
2023-05-16,,,23472.5,2018.94,,,,,,,51.2,768209.0
2023-05-17,,,23455.5,1993.13,,,,,,,51.2,977785.0
2023-05-18,,,23460.0,1986.12,,,,,,,52.08,1552354.0
2023-05-19,,,23546.0,1984.09,,,,,,,52.02,1075113.0
2023-05-22,,,23467.5,1982.66,,,,,,,51.83,562355.0
2023-05-23,,,23482.5,1977.8,,,,,,,51.52,657960.0
2023-05-24,,,23510.0,1985.3,,,,,,,51.08,465813.0
2023-05-25,,,23492.5,1964.95,,,,,,,52.27,1343692.0
2023-05-26,,,23485.0,1957.4,,,,,,,52.21,865789.0
2023-05-29,0.024300000000000002,,23484.0,1949.75,,,,,,,52.21,881263.0
2023-05-30,,,23492.0,1963.63,,,,,,,52.77,1662064.0
2023-05-31,,,23497.5,1975.34,,,,,,,52.84,840575.0
2023-06-01,,,23492.5,1983.27,,,,,,,52.46,538944.0
2023-06-02,,,23483.5,1983.52,,,,,,,52.65,738485.0
2023-06-05,,,23508.5,1964.13,,,,,,,53.4,1428499.0
2023-06-06,,,23500.0,1966.85,,,,,,,53.59,516234.0
2023-06-07,,,23492.5,1970.26,,,,,,,53.4,707049.0
2023-06-08,,,23499.0,1970.5,,,,,,,52.52,1246481.0
2023-06-09,,,23495.0,1973.09,,,,,,,53.15,681805.0
2023-06-12,,,23488.5,1967.55,,,,,,,53.34,521246.0
2023-06-13,,,23504.0,1970.74,,,,,,,53.03,468477.0
2023-06-14,,,23514.0,1960.41,,,,,,,52.9,659704.0
2023-06-15,,,23546.5,1960.34,,,,,,,52.84,800193.0
2023-06-16,,,23542.5,1968.0,,,,,,,53.09,2234265.0
2023-06-19,,,23531.5,1958.93,,,,,,,53.21,664779.0
2023-06-20,,,23536.0,1956.87,,,,,,,53.72,946100.0
2023-06-21,,,23531.5,1939.55,,,,,,,53.91,707032.0
2023-06-22,,,23527.5,1935.0,,,,,,,53.72,1021586.0
2023-06-23,,,23527.5,1937.1,,,,,,,53.47,823244.0
2023-06-26,,,23540.0,1933.48,,,,,,,53.91,861394.0
2023-06-27,,,23541.5,1930.85,,,,,,,54.85,1544056.0
2023-06-28,,,23562.5,1917.24,,,,,,,54.66,967842.0
2023-06-29,0.02,,23583.5,1913.15,113800000000000.0,18.6,,,,,54.35,563802.0
2023-06-30,,,23596.5,1922.9,,,12484364264902.0,4633824307037.0,2189766371273.0,1509219531243.0,54.03,734840.0
2023-07-03,,,23710.0,1931.09,,,,,,,54.28,1041108.0
2023-07-04,,,23710.0,1930.84,,,,,,,54.66,1329492.0
2023-07-05,,,23790.0,1935.17,,,,,,,54.67,1791184.0
2023-07-06,,,23772.5,1927.69,,,,,,,54.52,1522489.0
2023-07-07,,,23717.5,1934.92,,,,,,,55.04,899592.0
2023-07-10,,,23672.5,1928.31,,,,,,,55.04,1156888.0
2023-07-11,,,23715.0,1938.69,,,,,,,54.82,1093461.0
2023-07-12,,,23700.0,1959.82,,,,,,,55.04,906936.0
2023-07-13,,,23677.5,1963.69,,,,,,,55.4,1255041.0
2023-07-14,,,23665.0,1963.81,,,,,,,57.23,2826852.0
2023-07-17,,,23672.0,1959.91,,,,,,,57.74,1156882.0
2023-07-18,,,23650.5,1984.39,,,,,,,57.52,719990.0
2023-07-19,,,23654.5,1981.05,,,,,,,57.37,710544.0
2023-07-20,,,23697.5,1987.59,,,,,,,58.69,2297840.0
2023-07-21,,,23670.0,1973.89,,,,,,,59.2,1275567.0
2023-07-24,,,23676.5,1967.97,,,,,,,59.2,1175667.0
2023-07-25,,,23723.5,1966.03,,,,,,,59.42,1060033.0
2023-07-26,,,23682.5,1978.31,,,,,,,60.44,1273543.0
2023-07-27,,,23680.0,1982.24,,,,,,,61.18,1421340.0
2023-07-28,,,23698.5,1963.71,,,,,,,61.69,900725.0
2023-07-29,0.0206,,,,,,,,,,,
2023-07-31,,,23691.5,1972.44,,,,,,,62.56,1475315.0
2023-08-01,,,23695.0,1966.24,,,,,,,61.76,1290289.0
2023-08-02,,,23751.5,1955.4,,,,,,,61.03,999318.0
2023-08-03,,,23775.5,1939.03,,,,,,,61.18,910770.0
2023-08-04,,,23763.5,1947.19,,,,,,,60.88,1620226.0
2023-08-07,,,23750.0,1946.81,,,,,,,61.76,755463.0
2023-08-08,,,23746.5,1938.15,,,,,,,61.54,638510.0
2023-08-09,,,23750.5,1932.48,,,,,,,60.74,985253.0
2023-08-10,,,23755.0,1930.11,,,,,,,60.08,1345605.0
2023-08-11,,,23760.0,1921.15,,,,,,,59.93,1146772.0
2023-08-14,,,23825.5,1916.55,,,,,,,60.37,1016349.0
2023-08-15,,,23980.0,1912.19,,,,,,,61.39,1677357.0
2023-08-16,,,24007.5,1907.9,,,,,,,62.2,2613481.0
2023-08-17,,,23975.0,1903.9,,,,,,,62.86,3708846.0
2023-08-18,,,23875.0,1897.44,,,,,,,62.49,4252285.0
2023-08-21,,,23819.0,1899.05,,,,,,,62.78,2461231.0
2023-08-22,,,23935.0,1905.05,,,,,,,63.22,2337900.0
2023-08-23,,,24021.0,1920.94,,,,,,,63.22,1422837.0
2023-08-24,,,24010.5,1923.94,,,,,,,66.55,5269510.0
2023-08-25,,,24040.0,1923.09,,,,,,,67.0,2802665.0
2023-08-28,,,24095.0,1926.19,,,,,,,69.51,2969885.0
2023-08-29,0.0296,,24200.0,1938.41,,,,,,,69.21,1556447.0
2023-08-30,,,24191.5,1949.04,,,,,,,71.43,2376554.0
2023-08-31,,,24122.5,1948.19,,,,,,,71.51,1409398.0
2023-09-01,,,24060.0,1953.44,,,,,,,,
2023-09-04,,,24060.0,1946.42,,,,,,,,
2023-09-05,,,24120.0,1939.13,,,,,,,71.58,1448003.0
2023-09-06,,,24105.0,1929.8,,,,,,,73.21,2503495.0
2023-09-07,,,24096.5,1923.67,,,,,,,72.39,3257432.0
2023-09-08,,,24125.0,1930.19,,,,,,,72.17,2122234.0
2023-09-11,,,24085.0,1930.9,,,,,,,72.02,5159148.0
2023-09-12,,,24115.0,1925.05,,,,,,,73.13,2687116.0
2023-09-13,,,24176.5,1916.3,,,,,,,72.47,2895387.0
2023-09-14,,,24240.0,1912.99,,,,,,,70.91,2324353.0
2023-09-15,,,24270.0,1930.84,,,,,,,72.1,2140173.0
2023-09-18,,,24385.0,1934.61,,,,,,,71.65,2030801.0
2023-09-19,,,24416.5,1937.94,,,,,,,72.76,3588961.0
2023-09-20,,,24380.0,1947.8,,,,,,,72.84,2449993.0
2023-09-21,,,24335.0,1931.74,,,,,,,71.58,3422654.0
2023-09-22,,,24375.0,1929.65,,,,,,,71.51,6867488.0
2023-09-25,,,24397.5,1927.26,,,,,,,69.73,2102701.0
2023-09-26,,,24442.5,1916.89,,,,,,,69.14,2159726.0
2023-09-27,,,24437.5,1903.95,,,,,,,69.73,4516129.0
2023-09-28,,,24445.0,1880.15,,,,,,,69.51,1768685.0
2023-09-29,0.0366,,24420.0,1880.24,,,,,,,68.62,1637648.0
2023-09-30,,,,,,,13761744975857.0,5496368967016.0,2438361031885.0,1739340360244.0,,
2023-10-02,,,24387.5,1849.06,,,,,,,68.92,1139848.0
2023-10-03,,,24414.0,1833.36,,,,,,,68.18,2010673.0
2023-10-04,,,24440.0,1831.05,,,,,,,68.4,1593917.0
2023-10-05,,,24428.0,1829.3,,,,,,,67.74,1370603.0
2023-10-06,,,24426.5,1834.97,,,,,,,68.55,1149293.0
2023-10-09,,,24402.5,1864.15,,,,,,,70.69,3660637.0
2023-10-10,,,24425.0,1865.65,,,,,,,71.21,3259197.0
2023-10-11,,,24455.0,1877.22,,,,,,,71.73,2361344.0
2023-10-12,,,24460.0,1885.3,,,,,,,71.28,1884002.0
2023-10-13,,,24485.0,1933.76,,,,,,,71.06,2364522.0
2023-10-15,,,,,152700000000000.0,24.3,,,,,,
2023-10-16,,,24481.5,1931.8,,,,,,,71.58,4979916.0
2023-10-17,,,24503.0,1931.56,,,,,,,68.84,2422927.0
2023-10-18,,,24577.5,1962.74,,,,,,,68.77,6149090.0
2023-10-19,,,24597.5,1977.86,,,,,,,68.03,3033197.0
2023-10-20,,,24582.5,1997.27,,,,,,,68.7,2867958.0
2023-10-23,,,24617.5,1983.4,,,,,,,67.29,1975305.0
2023-10-24,,,24597.5,1980.99,,,,,,,68.03,1615528.0
2023-10-25,,,24585.0,1987.19,,,,,,,67.22,1840166.0
2023-10-26,,,24620.0,1994.05,,,,,,,64.19,5919549.0
2023-10-27,,,24612.0,2009.48,,,,,,,64.33,2039441.0
2023-10-29,0.0359,,,,,,,,,,,
2023-10-30,,,24590.0,2007.37,,,,,,,62.85,1873591.0
2023-10-31,,,24573.5,2007.8,,,,,,,61.38,3095467.0
2023-11-01,,,24593.0,1992.09,,,,,,,63.15,2178980.0
2023-11-02,,,24585.0,1991.49,,,,,,,65.81,2207208.0
2023-11-03,,,24580.0,2004.06,,,,,,,64.33,4845587.0
2023-11-06,,,24565.0,1993.3,,,,,,,65.44,1212457.0
2023-11-07,,,24377.5,1978.75,,,,,,,65.29,1343408.0
2023-11-08,,,24385.0,1971.12,,,,,,,68.47,2947501.0
2023-11-09,,,24395.0,1965.69,,,,,,,68.4,2114138.0
2023-11-10,,,24380.0,1960.93,,,,,,,67.66,2409873.0
2023-11-13,,,24395.5,1949.27,,,,,,,67.59,1534993.0
2023-11-14,,,24389.0,1970.84,,,,,,,68.47,2000413.0
2023-11-15,,,24381.0,1975.59,,,,,,,68.33,2420392.0
2023-11-16,,,24312.5,1988.03,,,,,,,68.77,1908811.0
2023-11-17,,,24305.0,1993.94,,,,,,,67.29,3572003.0
2023-11-20,,,24235.0,1985.26,,,,,,,67.07,1659285.0
2023-11-21,,,24172.5,2007.52,,,,,,,67.96,1462987.0
2023-11-22,,,24217.5,2006.9,,,,,,,68.77,3274558.0
2023-11-23,,,24247.5,1999.19,,,,,,,67.14,2168399.0
2023-11-24,,,24282.0,2003.68,,,,,,,67.44,2251338.0
2023-11-27,,,24270.0,2018.14,,,,,,,67.07,1661825.0
2023-11-28,,,24260.0,2043.0,,,,,,,67.37,1092670.0
2023-11-29,0.0345,,24270.0,2052.09,,,,,,,67.81,804163.0
2023-11-30,,,24277.5,2047.59,,,,,,,67.96,1984701.0
2023-12-01,,,24315.0,2075.34,,,,,,,68.33,1192386.0
2023-12-04,,,24295.0,2135.9,,,,,,,69.21,3466947.0
2023-12-05,,,24283.5,2041.33,,,,,,,70.1,3596254.0
2023-12-06,,,24305.0,2036.3,,,,,,,70.25,1223469.0
2023-12-07,,,24290.0,2039.93,,,,,,,69.73,3765052.0
2023-12-08,,,24267.5,2034.19,,,,,,,69.66,1747729.0
2023-12-11,,,24277.5,2008.72,,,,,,,70.25,1567612.0
2023-12-12,,,24280.0,1996.8,,,,,,,71.58,4090519.0
2023-12-13,,,24283.0,2027.55,,,,,,,70.4,2152046.0
2023-12-14,,,24265.0,2047.98,,,,,,,71.14,1715423.0
2023-12-15,,,24275.0,2045.55,,,,,,,71.14,1477484.0
2023-12-18,,,24375.0,2033.71,,,,,,,69.51,2269177.0
2023-12-19,,,24378.0,2047.07,,,,,,,69.95,1253010.0
2023-12-20,,,24349.0,2043.94,,,,,,,70.03,1351472.0
2023-12-21,,,24357.5,2046.07,,,,,,,70.32,1758872.0
2023-12-22,,,24317.5,2070.65,,,,,,,69.95,1276887.0
2023-12-25,,,24265.0,2058.36,,,,,,,70.99,2019931.0
2023-12-26,,,24335.0,2068.65,,,,,,,71.88,3364283.0
2023-12-27,,,24391.0,2084.59,,,,,,,71.65,1359748.0
2023-12-28,,,24355.0,2088.54,,,,,,,71.43,1199164.0
2023-12-29,0.0358,,24300.0,2075.15,,,,,,,71.06,1869204.0
2023-12-31,,433857681378.29,,,,,14690412703323.0,5631863560161.0,2386698290464.0,1728399961335.0,,
2024-01-01,,,24260.0,2074.9,,,,,,,,
2024-01-02,,,24337.5,2079.02,,,,,,,70.91,1717109.0
2024-01-03,,,24387.5,2066.12,,,,,,,71.21,1439581.0
2024-01-04,,,24400.0,2051.4,,,,,,,71.88,2978466.0
2024-01-05,,,24380.0,2064.03,,,,,,,72.02,1140908.0
2024-01-08,,,24390.0,2046.71,,,,,,,71.95,1446808.0
2024-01-09,,,24392.5,2042.09,,,,,,,71.43,1213774.0
2024-01-10,,,24420.0,2040.44,,,,,,,70.03,3309732.0
2024-01-11,,,24492.5,2039.69,,,,,,,70.25,1373914.0
2024-01-12,,,24535.0,2062.35,,,,,,,70.03,2602405.0
2024-01-15,,,24490.0,2059.25,,,,,,,70.54,1315058.0
2024-01-16,,,24547.5,2055.65,,,,,,,70.77,811904.0
2024-01-17,,,24556.5,2033.05,,,,,,,70.77,1416305.0
2024-01-18,,,24580.0,2023.45,,,,,,,70.69,1139263.0
2024-01-19,,,24570.0,2039.49,,,,,,,71.21,1495663.0
2024-01-22,,,24565.0,2032.28,,,,,,,71.28,1110387.0
2024-01-23,,,24575.0,2037.92,,,,,,,70.69,1482899.0
2024-01-24,,,24617.5,2036.74,,,,,,,70.25,1725114.0
2024-01-25,,,24615.0,2025.27,,,,,,,70.32,847088.0
2024-01-26,,,24625.0,2026.8,,,,,,,70.91,927816.0
2024-01-29,0.0337,,24610.0,2037.75,,,,,,,70.91,1062382.0
2024-01-30,,,24510.0,2048.48,,,,,,,70.69,950876.0
2024-01-31,,,24465.0,2056.08,142000000000000.0,20.9,,,,,70.77,1383416.0
2024-02-01,,,24430.0,2065.42,,,,,,,73.87,7803177.0
2024-02-02,,,24417.5,2058.2,,,,,,,75.43,2885879.0
2024-02-05,,,24417.5,2042.32,,,,,,,76.53,2701349.0
2024-02-06,,,24387.5,2039.02,,,,,,,76.98,1890491.0
2024-02-07,,,24465.0,2044.65,,,,,,,77.57,2130668.0
2024-02-08,,,24400.0,2038.94,,,,,,,,
2024-02-09,,,24400.0,2037.44,,,,,,,,
2024-02-12,,,24400.0,2028.09,,,,,,,,
2024-02-13,,,24400.0,2030.05,,,,,,,,
2024-02-14,,,24400.0,1996.14,,,,,,,,
2024-02-15,,,24465.0,2008.49,,,,,,,76.9,2254547.0
2024-02-16,,,24550.0,2015.25,,,,,,,77.72,2070089.0
2024-02-19,,,24540.0,2023.34,,,,,,,77.64,2037643.0
2024-02-20,,,24550.0,2030.96,,,,,,,77.13,1848111.0
2024-02-21,,,24550.0,2032.22,,,,,,,78.31,3141692.0
2024-02-22,,,24615.0,2034.84,,,,,,,77.35,1722092.0
2024-02-23,,,24660.0,2041.43,,,,,,,76.83,4108378.0
2024-02-26,,,24707.5,2037.59,,,,,,,79.86,4472548.0
2024-02-27,,,24674.0,2039.99,,,,,,,79.79,2807162.0
2024-02-28,,,24655.0,2038.3,,,,,,,80.23,3466729.0
2024-02-29,0.0398,,24657.5,2050.79,,,,,,,80.6,2829302.0
2024-03-01,,,24660.0,2088.4,,,,,,,81.93,4028406.0
2024-03-04,,,24700.0,2119.95,,,,,,,82.38,3092985.0
2024-03-05,,,24705.0,2142.15,,,,,,,81.86,3390992.0
2024-03-06,,,24721.5,2152.29,,,,,,,80.68,3710122.0
2024-03-07,,,24715.0,2164.54,,,,,,,82.3,4044840.0
2024-03-08,,,24700.0,2195.2,,,,,,,81.34,3122548.0
2024-03-11,,,24670.0,2189.04,,,,,,,81.34,3389872.0
2024-03-12,,,24680.0,2184.86,,,,,,,82.75,2912964.0
2024-03-13,,,24687.5,2179.91,,,,,,,86.52,5125138.0
2024-03-14,,,24707.5,2177.1,,,,,,,86.52,3472473.0
2024-03-15,,,24744.0,2173.25,,,,,,,85.78,3846741.0
2024-03-18,,,24745.0,2163.64,,,,,,,83.56,5898676.0
2024-03-19,,,24755.0,2162.93,,,,,,,82.82,3324749.0
2024-03-20,,,24790.0,2188.9,,,,,,,84.67,3483551.0
2024-03-21,,,24801.5,2222.9,,,,,,,85.93,3762372.0
2024-03-22,,,24821.5,2186.25,,,,,,,84.96,2420313.0
2024-03-25,,,24806.0,2181.3,,,,,,,84.3,2799669.0
2024-03-26,,,24792.5,2200.15,,,,,,,85.04,1696761.0
2024-03-27,,,24797.5,2197.71,,,,,,,85.19,1323812.0
2024-03-28,,,24818.5,2235.9,,,,,,,86.59,2808951.0
2024-03-29,0.0397,,24822.5,,,,,,,,86.15,1346605.0
2024-03-31,,,,,,,14092928413699.0,5510465680087.0,2515527123032.0,1798030863528.0,,
2024-04-01,,,24818.5,2265.86,,,,,,,86.37,1980689.0
2024-04-02,,,24937.5,2281.17,,,,,,,86.52,2289100.0
2024-04-03,,,25010.0,2301.22,,,,,,,85.11,2555654.0
2024-04-04,,,25014.0,2305.31,,,,,,,84.3,2369065.0
2024-04-05,,,25005.0,2330.34,,,,,,,84.08,2764447.0
2024-04-08,,,24975.0,2354.09,,,,,,,83.26,1957677.0
2024-04-09,,,25010.0,2365.34,,,,,,,83.56,1437679.0
2024-04-10,,,24961.0,2360.15,,,,,,,84.15,1795600.0
2024-04-11,,,25012.5,2377.8,,,,,,,84.96,1553032.0
2024-04-12,,,25025.0,2431.53,,,,,,,85.41,1371708.0
2024-04-15,,,25195.0,2387.59,,,,,,,82.52,3709209.0
2024-04-16,,,25295.0,2398.34,,,,,,,83.56,3651849.0
2024-04-17,,,25430.0,2395.63,,,,,,,82.67,1949454.0
2024-04-18,,,25400.0,2392.84,,,,,,,,
2024-04-19,,,25463.0,2417.79,,,,,,,80.6,5373515.0
2024-04-22,,,25461.5,2388.72,,,,,,,81.56,2403688.0
2024-04-23,,,25464.0,2334.48,,,,,,,83.04,4041971.0
2024-04-24,,,25460.0,2337.16,,,,,,,88.81,10179208.0
2024-04-25,,,25445.0,2344.86,,,,,,,91.1,5718864.0
2024-04-26,,,25375.0,2352.62,,,,,,,91.1,3402188.0
2024-04-29,0.044000000000000004,,25330.0,2346.85,,,,,,,,
2024-04-30,,,25330.0,2336.54,,,,,,,,
2024-05-01,,,25330.0,2328.4,,,,,,,,
2024-05-02,,,25405.0,2326.57,,,,,,,94.13,3477702.0
2024-05-03,,,25423.0,2321.64,,,,,,,93.1,3199400.0
2024-05-06,,,25415.0,2331.99,,,,,,,94.36,2710850.0
2024-05-07,,,25412.5,2330.06,,,,,,,97.09,3130425.0
2024-05-08,,,25437.0,2321.56,,,,,,,96.87,3024432.0
2024-05-09,,,25447.5,2347.59,,,,,,,96.35,2208946.0
2024-05-10,,,25464.0,2378.45,,,,,,,96.87,3797696.0
2024-05-13,,,25456.5,2364.94,,,,,,,95.91,1857811.0
2024-05-14,,,25460.0,2359.83,,,,,,,96.5,2309312.0
2024-05-15,,,25457.0,2390.36,,,,,,,99.16,3659473.0
2024-05-16,,,25456.5,2397.44,,,,,,,100.12,3128143.0
2024-05-17,,,25453.5,2422.87,,,,,,,99.46,2314616.0
2024-05-18,,,,,197600000000000.0,28.0,,,,,,
2024-05-20,,,25457.0,2450.13,,,,,,,98.35,2020789.0
2024-05-21,,,25462.5,2434.0,,,,,,,100.57,3478265.0
2024-05-22,,,25465.5,2426.64,,,,,,,102.05,4522916.0
2024-05-23,,,25470.0,2383.86,,,,,,,101.68,3630410.0
2024-05-24,,,25476.5,2347.54,,,,,,,97.54,13398023.0
2024-05-27,,,25475.0,2358.56,,,,,,,98.2,5172903.0
2024-05-28,,,25473.5,2364.12,,,,,,,101.31,4632228.0
2024-05-29,0.0444,,25460.0,2362.86,,,,,,,100.35,5844515.0
2024-05-30,,,25460.0,2351.83,,,,,,,99.83,7273584.0
2024-05-31,,,25460.5,2353.24,,,,,,,99.53,2639516.0
2024-06-03,,,25455.5,2354.82,,,,,,,101.23,7782256.0
2024-06-04,,,25430.5,2351.76,,,,,,,102.86,7019713.0
2024-06-05,,,25424.0,2358.07,,,,,,,103.6,6336780.0
2024-06-06,,,25432.5,2378.57,,,,,,,103.23,5222139.0
2024-06-07,,,25434.0,2387.85,,,,,,,105.0,3762372.0
2024-06-10,,,25456.0,2313.87,,,,,,,106.48,3785656.0
2024-06-11,,,25445.0,2320.17,,,,,,,108.33,6340276.0
2024-06-12,,,25451.0,2341.7,,,,,,,113.03,11246768.0
2024-06-13,,,25445.0,2326.7,,,,,,,111.31,8167546.0
2024-06-14,,,25455.0,2336.87,,,,,,,112.17,6425220.0
2024-06-17,,,25460.0,2333.48,,,,,,,110.29,4890848.0
2024-06-18,,,25457.5,2333.25,,,,,,,109.6,6694763.0
2024-06-19,,,25456.0,2335.1,,,,,,,112.6,9684926.0
2024-06-20,,,25456.5,2365.52,,,,,,,114.14,10482529.0
2024-06-21,,,25460.0,2368.85,,,,,,,116.54,7663338.0
2024-06-24,,,25458.5,2335.02,,,,,,,113.11,13202385.0
2024-06-25,,,25462.5,2337.26,,,,,,,111.31,13723703.0
2024-06-26,,,25469.0,2323.95,,,,,,,112.85,7158131.0
2024-06-27,,,25470.0,2331.0,,,,,,,113.71,6409612.0
2024-06-28,,,25465.0,2339.79,,,,,,,111.74,6641381.0
2024-06-29,0.0434,,,,,,,,,,,
2024-06-30,,,,,,,15245226416020.0,5651357322898.0,2640452963597.0,1875158768537.0,,
2024-07-01,,,25458.5,2338.72,,,,,,,110.11,6386361.0
2024-07-02,,,25457.0,2336.9,,,,,,,109.6,6735345.0
2024-07-03,,,25456.0,2365.06,,,,,,,112.17,7642345.0
2024-07-04,,,25456.5,2362.64,,,,,,,116.28,8129152.0
2024-07-05,,,25455.5,2393.04,,,,,,,118.76,7807749.0
2024-07-08,,,25452.5,2391.85,,,,,,,119.53,5876745.0
2024-07-09,,,25452.5,2371.52,,,,,,,117.74,9689262.0
2024-07-10,,,25447.5,2386.75,,,,,,,114.74,6309470.0
2024-07-11,,,25430.0,2424.62,,,,,,,113.88,6857179.0
2024-07-12,,,25447.5,2418.37,,,,,,,114.57,3562395.0
2024-07-15,,,25422.5,2439.74,,,,,,,113.63,3074934.0
2024-07-16,,,25430.0,2469.91,,,,,,,114.74,4007693.0
2024-07-17,,,25380.0,2483.78,,,,,,,112.94,6980219.0
2024-07-18,,,25375.0,2475.02,,,,,,,109.52,10828773.0
2024-07-19,,,25373.5,2446.29,,,,,,,107.89,6581002.0
2024-07-22,,,25342.5,2412.32,,,,,,,106.26,6242427.0
2024-07-23,,,25365.0,2412.15,,,,,,,107.46,5323805.0
2024-07-24,,,25411.5,2432.05,,,,,,,107.89,4160841.0
2024-07-25,,,25377.5,2401.32,,,,,,,107.03,2569074.0
2024-07-26,,,25339.0,2390.82,,,,,,,109.6,3959362.0
2024-07-29,0.0436,,25332.5,2403.23,,,,,,,110.46,4867859.0
2024-07-30,,,25305.0,2413.0,,,,,,,109.6,2383126.0
2024-07-31,,,25330.0,2451.0,,,,,,,110.11,2875191.0
2024-08-01,,,25252.5,2462.4,,,,,,,106.86,6904015.0
2024-08-02,,,25280.0,2477.72,,,,,,,105.49,9975015.0
2024-08-05,,,25125.0,2458.8,,,,,,,101.55,10450171.0
2024-08-06,,,25150.0,2418.35,,,,,,,103.44,6748144.0
2024-08-07,,,25179.0,2407.05,,,,,,,104.46,2832328.0
2024-08-08,,,25162.5,2427.8,,,,,,,103.95,2663832.0
2024-08-09,,,25160.0,2437.15,,,,,,,108.66,5511755.0
2024-08-12,,,25132.5,2473.48,,,,,,,111.31,6204408.0
2024-08-13,,,25132.5,2477.02,,,,,,,111.06,4110939.0
2024-08-14,,,25125.0,2478.49,,,,,,,110.89,2869469.0
2024-08-15,,,25095.0,2470.25,,,,,,,110.2,2266445.0
2024-08-16,,,25086.0,2509.89,,,,,,,111.83,5109223.0
2024-08-19,,,25069.0,2510.45,,,,,,,111.74,2508560.0
2024-08-20,,,24968.5,2532.05,,,,,,,112.6,3753490.0
2024-08-21,,,24945.0,2520.09,,,,,,,114.31,6137230.0
2024-08-22,,,24975.0,2514.82,,,,,,,114.57,3032995.0
2024-08-23,,,25017.5,2518.45,,,,,,,113.97,3064441.0
2024-08-26,,,24948.0,2527.76,,,,,,,112.6,2598875.0
2024-08-27,,,24867.0,2526.27,,,,,,,113.45,2346895.0
2024-08-28,,,24890.0,2529.15,,,,,,,114.14,2721387.0
2024-08-29,,,24905.0,2528.77,,,,,,,114.48,2098979.0
2024-08-30,,,24900.0,2527.07,,,,,,,115.42,3327420.0
2024-09-02,,,24860.0,2507.5,,,,,,,,
2024-09-03,,,24860.0,2506.44,221300000000000.0,29.9,,,,,,
2024-09-04,,,24897.5,2500.2,,,,,,,113.88,4547807.0
2024-09-05,,,24840.0,2523.54,,,,,,,111.83,8071651.0
2024-09-06,0.0345,,24712.5,2529.3,,,,,,,113.11,3829410.0
2024-09-09,,,24695.0,2507.42,,,,,,,112.43,2891093.0
2024-09-10,,,24705.0,2518.57,,,,,,,111.31,4203583.0
2024-09-11,,,24665.0,2529.4,,,,,,,111.83,3196732.0
2024-09-12,,,24605.0,2560.21,,,,,,,113.28,4124400.0
2024-09-13,,,24598.0,2586.18,,,,,,,113.88,3191984.0
2024-09-16,,,24618.0,2589.78,,,,,,,112.26,1921844.0
2024-09-17,,,24635.0,2587.01,,,,,,,113.8,2656869.0
2024-09-18,,,24687.5,2600.21,,,,,,,115.25,5390349.0
2024-09-19,,,24675.0,2594.89,,,,,,,115.77,5162767.0
2024-09-20,,,24635.0,2625.79,,,,,,,115.85,3728818.0
2024-09-23,,,24655.0,2635.54,,,,,,,114.74,2449563.0
2024-09-24,,,24655.0,2664.47,,,,,,,115.17,2017214.0
2024-09-25,,,24605.5,2670.6,,,,,,,115.42,4486319.0
2024-09-26,,,24640.0,2685.96,,,,,,,115.0,2821536.0
2024-09-27,,,24630.0,2674.4,,,,,,,114.91,3358474.0
2024-09-30,,,24615.0,2666.11,,,15902821715757.0,6158955664406.0,2948226004570.0,2088852212408.0,115.17,3037449.0
2024-10-01,,,24615.0,2673.2,,,,,,,116.37,4732079.0
2024-10-02,,,24675.0,2663.85,,,,,,,115.94,1725815.0
2024-10-03,,,24762.5,2663.4,,,,,,,114.74,2306560.0
2024-10-04,,,24772.5,2670.15,,,,,,,114.82,1473158.0
2024-10-06,0.0263,,,,,,,,,,,
2024-10-07,,,24860.0,2659.91,,,,,,,114.82,1336595.0
2024-10-08,,,24855.0,2653.09,,,,,,,114.57,2114750.0
2024-10-09,,,24847.5,2624.65,,,,,,,115.94,2626409.0
2024-10-10,,,24870.0,2631.63,,,,,,,121.33,9980507.0
2024-10-11,,,24855.5,2661.55,,,,,,,119.53,3824418.0
2024-10-14,,,24852.5,2666.94,,,,,,,117.82,5616349.0
2024-10-15,,,24959.0,2669.07,,,,,,,117.31,2869640.0
2024-10-16,,,25010.0,2685.73,,,,,,,116.71,2762322.0
2024-10-17,,,25207.5,2696.8,,,,,,,117.31,2584896.0
2024-10-18,,,25275.0,2722.87,,,,,,,117.31,2175065.0
2024-10-21,,,25305.0,2740.61,,,,,,,116.02,2688428.0
2024-10-22,,,25405.0,2749.47,,,,,,,113.97,6022016.0
2024-10-23,,,25432.5,2758.53,,,,,,,114.91,3019672.0
2024-10-24,,,25455.0,2743.38,,,,,,,115.0,2281798.0
2024-10-25,,,25430.0,2747.97,,,,,,,114.74,1843711.0
2024-10-28,,,25435.0,2746.06,,,,,,,115.51,1509996.0
2024-10-29,,,25355.0,2775.89,,,,,,,115.94,2462885.0
2024-10-30,,,25405.0,2790.09,,,,,,,116.37,1713550.0
2024-10-31,,,25350.0,2790.41,,,,,,,116.37,1244928.0
2024-11-01,,,25345.0,2762.29,,,,,,,115.25,2676189.0
2024-11-04,,,25335.0,2748.3,,,,,,,113.71,3188263.0
2024-11-05,,,25365.0,2750.06,,,,,,,113.54,1663185.0
2024-11-06,0.028900000000000002,,25417.5,2749.8,,,,,,,115.25,1805646.0
2024-11-07,,,25420.0,2710.2,,,,,,,115.68,3579749.0
2024-11-08,,,25315.0,2710.51,,,,,,,116.28,2110766.0
2024-11-11,,,25332.5,2686.51,,,,,,,118.42,5301235.0
2024-11-12,,,25357.5,2627.24,,,,,,,117.14,2921656.0
2024-11-13,,,25363.5,2618.97,,,,,,,117.99,3460835.0
2024-11-14,,,25405.0,2581.61,,,,,,,116.45,4743684.0
2024-11-15,,,25397.5,2576.09,,,,,,,114.65,6574421.0
2024-11-18,,,25417.5,2615.17,,,,,,,114.74,3910975.0
2024-11-19,,,25417.5,2639.69,,,,,,,111.31,7652727.0
2024-11-20,,,25425.0,2655.5,,,,,,,113.37,8474055.0
2024-11-21,,,25434.0,2673.86,,,,,,,113.88,3183165.0
2024-11-22,,,25432.5,2712.91,,,,,,,114.65,2920914.0
2024-11-25,,,25425.0,2721.43,,,,,,,114.65,1855059.0
2024-11-26,,,25425.0,2642.05,,,,,,,115.77,4182343.0
2024-11-27,,,25417.5,2658.4,,,,,,,118.93,9826373.0
2024-11-28,,,25407.5,2650.12,,,,,,,119.36,4750858.0
2024-11-29,,,25405.0,2666.35,,,,,,,123.56,11617080.0
2024-12-02,,,25392.5,2656.21,,,,,,,122.61,6629554.0
2024-12-03,,,25408.0,2655.71,,,,,,,125.02,5115471.0
2024-12-04,,,25412.5,2657.36,,,,,,,123.73,5618586.0
2024-12-05,,,25414.0,2655.62,,,,,,,128.04,4862983.0
2024-12-06,0.0277,,25396.5,2645.69,,,,,,,128.9,4554818.0
2024-12-09,,,25395.0,2676.52,,,,,,,126.74,4551406.0
2024-12-10,,,25382.5,2695.79,,,,,,,128.9,3603755.0
2024-12-11,,,25390.0,2721.35,,,,,,,129.76,4828035.0
2024-12-12,,,25399.0,2726.31,,,,,,,129.5,4158310.0
2024-12-13,,,25410.0,2693.02,,,,,,,128.9,3387167.0
2024-12-16,,,25405.0,2664.83,,,,,,,129.25,3296592.0
2024-12-17,,,25440.0,2659.22,,,,,,,127.61,5958677.0
2024-12-18,,,25457.5,2652.08,,,,,,,128.21,2927454.0
2024-12-19,,,25469.0,2626.73,,,,,,,127.69,4811922.0
2024-12-20,,,25467.5,2631.92,241800000000000.0,31.1,,,,,128.9,3544255.0
2024-12-23,,,25465.0,2633.6,,,,,,,129.16,2520029.0
2024-12-24,,,25465.0,2621.83,,,,,,,129.68,2306686.0
2024-12-25,,,25455.0,,,,,,,,130.02,2517969.0
2024-12-26,,,25451.0,2639.4,,,,,,,129.16,2238343.0
2024-12-27,,,25456.5,2638.74,,,,,,,128.99,2567003.0
2024-12-30,,,25485.5,2628.61,,,,,,,129.76,1986819.0
2024-12-31,,476388230307.18,25512.5,2627.85,,,17607817805891.0,6377569702525.0,2920874681756.0,2094725967705.0,131.49,3612655.0
2025-01-01,,,25480.0,,,,,,,,,
2025-01-02,,,25485.0,2660.85,,,,,,,131.06,3179535.0
2025-01-03,,,25462.5,2665.47,,,,,,,128.47,4342125.0
2025-01-06,0.0294,,25455.0,2649.62,,,,,,,128.73,3472044.0
2025-01-07,,,25422.5,2664.54,,,,,,,129.42,3458671.0
2025-01-08,,,25395.0,2670.6,,,,,,,127.87,3886957.0
2025-01-09,,,25389.0,2675.42,,,,,,,128.3,1724571.0
2025-01-10,,,25385.0,2698.57,,,,,,,127.0,2531304.0
2025-01-13,,,25433.5,2693.77,,,,,,,127.26,3495883.0
2025-01-14,,,25400.0,2678.44,,,,,,,125.11,2910614.0
2025-01-15,,,25394.0,2697.85,,,,,,,125.45,2849518.0
2025-01-16,,,25388.5,2724.86,,,,,,,126.31,3577267.0
2025-01-17,,,25385.0,2717.73,,,,,,,128.47,3543613.0
2025-01-20,,,25380.5,2714.4,,,,,,,129.33,2222776.0
2025-01-21,,,25315.0,2746.88,,,,,,,129.25,2487666.0
2025-01-22,,,25270.0,2763.72,,,,,,,129.07,2791445.0
2025-01-23,,,25157.5,2759.06,,,,,,,133.04,7071025.0
2025-01-24,,,25142.5,2786.04,,,,,,,132.26,3663137.0
2025-01-27,,,25060.0,2773.02,,,,,,,,
2025-01-28,,,25060.0,2765.18,,,,,,,,
2025-01-29,,,25060.0,2766.53,,,,,,,,
2025-01-30,,,25060.0,2798.8,,,,,,,,
2025-01-31,,,25060.0,2817.57,,,,,,,,
2025-02-03,,,25355.0,2831.7,,,,,,,125.45,12782345.0
2025-02-04,,,25282.5,2845.57,,,,,,,126.05,5484258.0
2025-02-05,,,25195.0,2882.53,,,,,,,126.14,5215921.0
2025-02-06,0.0363,,25275.0,2873.74,,,,,,,126.31,3436430.0
2025-02-07,,,25342.5,2886.96,,,,,,,125.97,3871195.0
2025-02-10,,,25405.0,2911.6,,,,,,,122.43,7778331.0
2025-02-11,,,25540.0,2943.25,,,,,,,125.37,5374143.0
2025-02-12,,,25607.0,2909.16,,,,,,,125.02,1894041.0
2025-02-13,,,25535.0,2929.74,,,,,,,123.38,2864744.0
2025-02-14,,,25460.5,2940.23,,,,,,,124.93,3258612.0
2025-02-17,,,25482.5,2906.69,,,,,,,123.81,2476462.0
2025-02-18,,,25580.0,2937.46,,,,,,,124.07,1670138.0
2025-02-19,,,25574.5,2947.23,,,,,,,124.16,3035921.0
2025-02-20,,,25574.5,2954.97,,,,,,,123.3,3392942.0
2025-02-21,,,25545.0,2950.01,,,,,,,122.43,5328132.0
2025-02-24,,,25535.0,2956.37,,,,,,,121.14,7522473.0
2025-02-25,,,25537.5,2954.44,,,,,,,119.85,6832220.0
2025-02-26,,,25572.5,2930.22,,,,,,,122.26,3331505.0
2025-02-27,,,25566.0,2920.96,,,,,,,121.83,3433107.0
2025-02-28,,,25573.0,2885.34,,,,,,,120.97,4704828.0
2025-03-03,,,25617.5,2895.45,,,,,,,121.14,2546980.0
2025-03-04,,,25596.5,2928.15,,,,,,,120.71,3480042.0
2025-03-05,,,25586.0,2929.94,,,,,,,119.93,2862185.0
2025-03-06,0.0291,,25516.5,2926.88,,,,,,,122.09,6428376.0
2025-03-07,,,25552.5,2930.56,,,,,,,121.92,2966941.0
2025-03-10,,,25568.5,2918.5,,,,,,,120.11,5343134.0
2025-03-11,,,25520.0,2922.22,,,,,,,118.55,5801595.0
2025-03-12,,,25515.0,2940.83,,,,,,,117.17,6229823.0
2025-03-13,,,25512.5,2989.64,,,,,,,117.69,3630282.0
2025-03-14,,,25532.5,3005.08,,,,,,,113.29,16174178.0
2025-03-17,,,25586.0,3002.23,,,,,,,112.09,6750806.0
2025-03-18,,,25550.0,3038.45,,,,,,,112.09,5538119.0
2025-03-19,,,25550.0,3052.3,,,,,,,107.43,18229064.0
2025-03-20,,,25567.5,3057.51,,,,,,,107.78,8231543.0
2025-03-21,,,25605.0,3047.66,,,,,,,110.36,6450846.0
2025-03-24,,,25657.5,3033.44,,,,,,,111.22,5114180.0
2025-03-25,,,25664.0,3035.94,,,,,,,109.07,5662235.0
2025-03-26,,,25635.0,3032.23,,,,,,,106.05,9787345.0
2025-03-27,,,25629.5,3059.75,,,,,,,108.81,6486187.0
2025-03-28,,,25620.0,3086.93,,,,,,,106.91,2959445.0
2025-03-31,,,25592.5,3128.29,,,16058140942460.0,6301347904266.0,2993843378813.0,2174301386525.0,104.33,5435725.0
2025-04-01,,,25660.0,3149.11,,,,,,,103.9,7866837.0
2025-04-02,,,25658.5,3140.36,,,,,,,105.19,3932911.0
2025-04-03,,,25837.0,3168.04,,,,,,,97.86,11536434.0
2025-04-04,,,25810.0,3137.1,,,,,,,97.43,21606397.0
2025-04-06,0.0313,,,,,,,,,,,
2025-04-07,,,25780.0,3055.88,184300000000000.0,22.4,,,,,,
2025-04-08,,,26033.0,3022.84,,,,,,,90.62,16338312.0
2025-04-09,,,26130.0,3099.87,,,,,,,90.79,16920135.0
2025-04-10,,,25874.5,3176.94,,,,,,,97.08,1009422.0
2025-04-11,,,25782.5,3245.69,,,,,,,102.17,19273397.0
2025-04-14,,,25843.0,3245.84,,,,,,,102.17,9243738.0
2025-04-15,,,25923.5,3234.16,,,,,,,100.02,7787164.0
2025-04-16,,,25905.0,3345.19,,,,,,,93.03,18073930.0
2025-04-17,,,25900.0,3358.0,,,,,,,94.33,8598000.0
2025-04-18,,,25976.5,,,,,,,,96.22,7503525.0
2025-04-21,,,25964.5,3430.93,,,,,,,96.31,4346403.0
2025-04-22,,,25994.0,3500.33,,,,,,,95.19,9157581.0
2025-04-23,,,26018.5,3386.89,,,,,,,95.19,5722250.0
2025-04-24,,,26067.0,3367.59,,,,,,,96.57,7752762.0
2025-04-25,,,26062.0,3371.15,,,,,,,96.91,5395660.0
2025-04-26,,,26035.0,,,,,,,,,
2025-04-28,,,26050.0,3353.33,,,,,,,94.41,3871885.0
2025-04-29,,,26010.0,3349.08,,,,,,,94.33,2963086.0
2025-04-30,,,26005.0,3328.36,,,,,,,,
2025-05-01,,,26005.0,3290.94,,,,,,,,
2025-05-02,,,26005.0,3269.49,,,,,,,,
2025-05-05,,,26018.5,3337.81,,,,,,,93.64,7187087.0
2025-05-06,0.031200000000000002,,25988.5,3435.17,,,,,,,94.58,5700105.0
2025-05-07,,,25980.0,3438.59,,,,,,,94.58,3939067.0
2025-05-08,,,25988.0,3414.96,,,,,,,98.55,12669001.0
2025-05-09,,,25997.0,3347.64,,,,,,,100.02,8515499.0
2025-05-12,,,25982.5,3325.42,,,,,,,102.0,8737998.0
2025-05-13,,,25986.5,3265.44,,,,,,,103.03,8585153.0
2025-05-14,,,25985.0,3257.39,,,,,,,108.9,12115033.0
2025-05-15,,,25962.5,3241.26,,,,,,,107.78,7832064.0
2025-05-16,,,25971.0,3252.27,,,,,,,104.33,8039229.0
2025-05-19,,,25961.0,3249.91,,,,,,,101.91,9942512.0
2025-05-20,,,25978.0,3295.98,,,,,,,102.78,7929467.0
2025-05-21,,,25984.5,3325.14,,,,,,,102.0,6040245.0
2025-05-22,,,25988.5,3345.62,,,,,,,100.71,6376715.0
2025-05-23,,,25987.0,3366.39,,,,,,,100.96,4456672.0
2025-05-26,,,25965.0,3357.03,,,,,,,101.14,4039601.0
2025-05-27,,,25960.0,3350.21,,,,,,,102.6,5512819.0
2025-05-28,,,25975.0,3325.68,,,,,,,102.09,3948303.0
2025-05-29,,,26074.5,3330.94,,,,,,,100.96,2945136.0
2025-05-30,,,26045.0,3322.95,,,,,,,100.45,4051804.0
2025-06-02,,,26046.5,3383.24,,,,,,,100.1,2932470.0
2025-06-03,,,26083.5,3392.53,,,,,,,101.22,3410333.0
2025-06-04,,,26098.0,3384.84,,,,,,,100.96,2883362.0
2025-06-05,,,26126.5,3403.55,,,,,,,100.71,2311499.0
2025-06-06,0.032400000000000005,,26097.0,3375.74,,,,,,,99.15,5400395.0
2025-06-09,,,26094.0,3338.43,,,,,,,100.19,3064841.0
2025-06-10,,,26065.0,3349.28,,,,,,,99.76,3372461.0
2025-06-11,,,26040.0,3360.82,,,,,,,101.65,5756496.0
2025-06-12,,,26042.5,3399.16,,,,,,,101.74,4162497.0
2025-06-13,,,26099.5,3447.02,,,,,,,100.35,6182491.0
2025-06-16,,,26102.5,3451.62,,,,,,,103.48,8087673.0
2025-06-17,,,26093.0,3403.39,,,,,,,103.31,4613155.0
2025-06-18,,,26115.0,3400.05,,,,,,,101.74,6571082.0
2025-06-19,,,26143.5,3388.07,,,,,,,100.87,5416264.0
2025-06-20,,,26152.5,3374.63,,,,,,,100.96,4347313.0
2025-06-23,,,26222.5,3399.25,,,,,,,100.79,4602132.0
2025-06-24,,,26190.5,3371.01,,,,,,,101.31,4281302.0
2025-06-25,,,26180.0,3337.23,,,,,,,101.83,6014965.0
2025-06-26,,,26147.5,3350.47,,,,,,,101.74,4141284.0
2025-06-27,,,26140.0,3328.88,,,,,,,102.0,5273001.0
2025-06-30,,,26129.0,3309.58,,,16624713040067.0,6021040042975.0,3129408582030.0,2257462588123.0,102.79,6879228.0
2025-07-01,,,26170.0,3358.09,,,,,,,103.31,4621512.0
2025-07-02,,,26185.5,3360.08,,,,,,,103.13,3672455.0
2025-07-03,,,26241.5,3365.81,,,,,,,102.61,6321182.0
2025-07-04,,,26264.5,3345.15,,,,,,,106.53,12854266.0
2025-07-05,0.035699999999999996,,,,,,,,,,,
2025-07-07,,,26205.0,3343.29,,,,,,,107.66,6403004.0
2025-07-08,,,26153.5,3345.94,,,,,,,108.27,8085628.0
2025-07-09,,,26160.0,3317.05,,,,,,,106.79,12226586.0
2025-07-10,,,26150.0,3330.47,,,,,,,107.74,5193049.0
2025-07-11,,,26137.0,3368.89,,,,,,,110.09,10762062.0
2025-07-14,,,26137.5,3374.94,,,,,,,110.53,6000215.0
2025-07-15,,,26151.5,3366.58,,,,,,,109.57,5621345.0
2025-07-16,,,26182.5,3377.5,,,,,,,109.83,5077050.0
2025-07-17,,,26172.5,3352.5,,,,,,,110.44,8355437.0
2025-07-18,,,26173.0,3361.41,,,,,,,109.57,6512306.0
2025-07-21,,,26168.5,3401.85,,,,,,,110.3,7612979.0
2025-07-22,,,26162.5,3433.56,,,,,,,112.1,6912737.0
2025-07-23,,,26166.5,3439.09,,,,,,,111.8,4825624.0
2025-07-24,,,26163.0,3393.47,214700000000000.0,24.9,,,,,111.1,6455334.0
2025-07-25,,,26158.0,3373.73,,,,,,,110.7,5163242.0
2025-07-28,,,26221.0,3345.56,,,,,,,111.3,7635424.0
2025-07-29,,,26260.0,3334.21,,,,,,,106.0,16133144.0
2025-07-30,,,26266.5,3334.21,,,,,,,106.1,7517104.0
2025-07-31,,,26232.5,3314.98,,,,,,,104.0,8989001.0
2025-08-01,,,26234.0,3363.55,,,,,,,107.0,10891500.0
2025-08-04,,,26226.0,3385.56,,,,,,,106.6,4617800.0
2025-08-05,,,26263.5,3390.62,,,,,,,105.8,11395000.0
2025-08-06,0.0319,,26282.5,3385.47,,,,,,,104.9,11814200.0
2025-08-07,,,26237.0,3402.71,,,,,,,106.2,9565800.0
2025-08-08,,,26237.5,3408.83,,,,,,,105.6,9184800.0
2025-08-11,,,26239.0,3405.1,,,,,,,106.4,10278500.0
2025-08-12,,,26282.5,3359.27,,,,,,,107.5,11011800.0
2025-08-13,,,26332.5,3370.9,,,,,,,105.1,21845000.0
2025-08-14,,,26303.5,3374.97,,,,,,,103.8,17905400.0
2025-08-15,,,26332.5,3349.02,,,,,,,101.4,18622300.0
2025-08-18,,,26309.5,3358.5,,,,,,,100.5,11392300.0
2025-08-19,,,26331.0,3345.46,,,,,,,100.3,9153600.0
2025-08-20,,,26390.0,3350.5,,,,,,,97.7,19969500.0
2025-08-21,,,26457.0,3353.25,,,,,,,101.7,12624800.0
2025-08-22,,,26447.5,3379.01,,,,,,,99.0,7212000.0
2025-08-25,,,26368.0,3376.47,,,,,,,98.8,6736000.0
2025-08-26,,,26377.5,3394.33,,,,,,,100.0,5812500.0
2025-08-27,,,26402.5,3398.94,,,,,,,105.0,19436400.0
2025-08-28,,,26382.0,3423.36,,,,,,,104.5,6280200.0
2025-08-29,,,26375.0,3454.08,,,,,,,101.6,11090200.0
2025-09-01,,,26345.0,3490.06,,,,,,,,
2025-09-02,,,26345.0,3540.64,,,,,,,,
2025-09-03,,,26390.0,3578.8,,,,,,,103.2,9744200.0
2025-09-04,,,26405.0,3564.45,,,,,,,105.0,11033600.0
2025-09-05,,,26415.0,3600.33,,,,,,,103.4,8807800.0
2025-09-06,0.032400000000000005,,,,,,,,,,,
2025-09-08,,,26431.5,3646.6,,,,,,,101.9,10600300.0
2025-09-09,,,26425.0,3674.75,,,,,,,102.1,6460700.0
2025-09-10,,,26408.5,3657.77,,,,,,,101.2,5498500.0
2025-09-11,,,26417.5,3649.27,,,,,,,102.0,7414200.0
2025-09-12,,,26412.5,3656.86,,,,,,,101.6,7447000.0
2025-09-15,,,26402.5,3685.65,,,,,,,101.9,14123100.0
2025-09-16,,,26401.5,3703.23,,,,,,,103.5,17531600.0
2025-09-17,,,26394.5,3707.7,,,,,,,105.5,20018000.0
2025-09-18,,,26399.0,3673.18,,,,,,,103.0,8198400.0
2025-09-19,,,26405.0,3686.33,,,,,,,103.0,23514300.0
2025-09-22,,,26428.0,3749.25,,,,,,,99.7,16280200.0
2025-09-23,,,26436.0,3791.11,,,,,,,98.0,18291200.0
2025-09-24,,,26432.0,3779.54,,,,,,,99.5,7421100.0
2025-09-25,,,26428.0,3761.66,,,,,,,98.0,8627700.0
2025-09-26,,,26422.5,3783.88,,,,,,,97.5,8080800.0
2025-09-29,,,26433.5,3834.58,,,,,,,95.5,10430900.0
2025-09-30,,,26432.0,3871.87,,,,,,,93.0,12018800.0
